barcode_sample	cell_type
AGAGAGCCAGGATGAC-14	Neu.CSFcN.0
TTTACCAGTTAGAAAC-13	Neu.Epend.0
TCAGTCCGTGTTAACC-14	Neu.CSFcN.0
AAGACAAAGTATGACA-14	Neu.Epend.0
GGGCCATTCCAAAGGG-16	Neu.Epend.0
TCGCTCATCACCTTAT-14	Neu.CSFcN.0
CGATGGCGTAATACCC-12	Neu.Epend.0
GTCTACCCAAGCGAGT-12	Neu.Epend.0
TATGTTCTCGTGGAAG-15	Neu.CSFcN.0
TCATATCAGTGCGCTC-14	Neu.Epend.0
TGCGGCATCGCTTAAG-14	Neu.CSFcN.0
TCCCAGTGTCCTGGGT-16	Neu.CSFcN.0
TACCCGTGTCTTTCAT-16	Neu.Epend.0
CATTGTTGTGACTAAA-13	Neu.Epend.0
AATGGAACATGGAGAC-14	Neu.CSFcN.0
ATATCCTTCTAAGCGT-14	Neu.Epend.0
TTGTGTTAGCACCTGC-16	Neu.CSFcN.0
TGCGACGGTACGGGAT-14	Neu.Epend.0
ACTCCCACAACGGGTA-14	Neu.Epend.0
GCAACCGCACATGGTT-16	Neu.Epend.0
CTCATGCCAGTAGATA-16	Neu.Epend.0
GCACGTGTCCGTACGG-15	Neu.Epend.0
GGGCTACAGCACTCAT-14	Neu.CSFcN.0
AGGGCTCTCTCAACCC-12	Neu.CSFcN.0
AACCATGAGTTGAAAC-14	Neu.CSFcN.0
CGTCCATCACGGCTAC-14	Neu.CSFcN.0
CATGAGTAGCATCAGG-15	Neu.CSFcN.0
CGGTCAGAGTTCATGC-15	Neu.CSFcN.0
AGGAGGTCAATACCCA-14	Neu.CSFcN.0
AGCTCAATCTCCCAAC-15	Neu.CSFcN.0
CGACAGCGTATCACGT-14	Neu.CSFcN.0
TACCCACTCCCAAGTA-14	Neu.Epend.0
TCATGGAGTAGAAACT-16	Neu.Epend.0
ACATGCAGTAGAGTTA-15	Neu.CSFcN.0
GCTACCTAGGAGGGTG-13	Neu.Epend.0
TCAAGTGGTAACATAG-14	Neu.CSFcN.0
GAGACCCTCTAAGCCA-14	Neu.Epend.0
CGGGCATAGTCTAACC-13	Neu.CSFcN.0
TTCTTGACACGCAGTC-14	Neu.Epend.0
CCTCCTCTCCTTCACG-14	Neu.Epend.0
CCTCTAGGTGTTTACG-14	Neu.CSFcN.0
GTGCAGCAGAGCAAGA-16	Neu.CSFcN.0
GGGCTACGTCTCGACG-12	Neu.CSFcN.0
GACACGCTCATCGCCT-14	Neu.CSFcN.0
TTCCGTGAGTACAGCG-14	Neu.Epend.0
ATATCCTTCGACGACC-13	Neu.CSFcN.0
CACTGAAGTGGACTAG-15	Neu.Epend.0
TTGGGATTCTGGTGGC-14	Neu.Epend.0
CATACTTCAGCCATTA-16	Neu.Epend.0
CATGAGTAGGGATCTG-15	Neu.Epend.0
GAAGCGAAGCCGTCGT-16	Neu.CSFcN.0
TGCGGGTCAAGAAATC-12	Neu.Epend.0
TTCTTGAGTTCCGGTG-16	Neu.Epend.0
GTAGGTTCAGTTGGTT-16	Neu.CSFcN.0
CAACCTCTCCCTCTCC-16	Neu.Epend.0
TTCCTAAGTTTAGACC-14	Neu.Epend.0
CTACCCATCGCCACTT-16	Neu.CSFcN.0
AAACCCAAGCCATTCA-14	Neu.Epend.0
TACTGCCGTTAGGACG-14	Neu.Epend.0
TTGCCTGTCGGCATAT-16	Neu.CSFcN.0
ATTTCTGTCAAACGAA-14	Neu.Epend.0
CTCTGGTGTCAAGTTC-14	Neu.Epend.0
AACTTCTTCCGCTTAC-16	Neu.Epend.0
TCCTCCCTCGTGCGAC-15	Neu.Epend.0
TCATTGTAGCCTGTGC-16	Neu.Epend.0
TGCTCGTTCTATACTC-14	Neu.Epend.0
CTAGACATCAGCTCTC-16	Neu.Epend.0
GGAACCCGTGTATTGC-13	Neu.Epend.0
TTTCCTCTCACTCCGT-12	Neu.Epend.0
TTAGGCAGTATCGTTG-16	Neu.CSFcN.0
TGTGTGATCGCAGTTA-16	Neu.CSFcN.0
GCAACATGTTCTATCT-14	Neu.Epend.0
GTAGGTTCAATTCTCT-16	Neu.Epend.0
ATCACTTAGTAAATGC-14	Neu.CSFcN.0
CCCATTGGTGTCCCTT-16	Neu.Epend.0
AAACCCAGTAGCTTTG-14	Neu.Epend.0
CGGAACCTCGGATAAA-15	Neu.CSFcN.0
GCCAGCATCTAACGCA-12	Neu.CSFcN.0
TCATTACTCGTAGCTA-12	Neu.CSFcN.0
CTCAGTCTCCTTGGAA-14	Neu.Epend.0
CGGTCAGGTCAACACT-13	Neu.Epend.0
TTACCGCCACTACTTT-14	Neu.CSFcN.0
GCCTGTTCAGCTCCTT-14	Neu.CSFcN.0
GTGCGTGAGGAACTCG-14	Neu.Epend.0
TTACCATTCCAGCTCT-14	Neu.Epend.0
ACCAAACTCTGGACCG-15	Neu.Epend.0
TGTGCGGGTGGATTTC-15	Neu.CSFcN.0
CATGCTCCACGTAGAG-14	Neu.CSFcN.0
TCACGCTCACTTCATT-16	Neu.CSFcN.0
CGTAATGAGCGTTAGG-15	Neu.CSFcN.0
TAACACGTCCATTTCA-15	Neu.Epend.0
GTCCCATGTAGATGTA-15	Neu.CSFcN.0
TTCTGTAAGGAAGTAG-14	Neu.Epend.0
ATCGTAGCACCCTGAG-14	Neu.CSFcN.0
CACGTTCAGGACGGAG-14	Neu.Epend.0
TTCACGCGTTCTTGCC-16	Neu.Epend.0
TCGTAGAGTCTCTCTG-14	Neu.Epend.0
GTCTAGACATTGTGCA-14	Neu.CSFcN.0
ATCTTCACATAAGCAA-12	Neu.CSFcN.0
CTAGGTACACTTGGCG-16	Neu.Epend.0
CTAACTTCAAGCTACT-14	Neu.Epend.0
TAGAGTCCAAGGTACG-13	Neu.Epend.0
ACGCACGAGCGGGTAT-12	Neu.CSFcN.0
TCAGTCCAGGCCCACT-16	Neu.Epend.0
GTTGTAGTCACAGAGG-14	Neu.Epend.0
GGAGAACCACTCCACT-16	Neu.Epend.0
CTCAATTAGTGGCCTC-16	Neu.CSFcN.0
ATGACCATCTAGTTCT-15	Neu.CSFcN.0
GAACACTAGGCTCTCG-14	Neu.Epend.0
GCACTAATCTTCCCGA-12	Neu.CSFcN.0
TCCACGTCATCCGAGC-13	Neu.Epend.0
CATTCCGGTGAACGGT-14	Neu.Epend.0
CCAAGCGGTGATACCT-14	Neu.Epend.0
AACAACCCAGCTCGGT-14	Neu.Epend.0
TACTGCCAGCATGATA-16	Neu.Epend.0
TCGAAGTCATGCCGCA-16	Neu.Epend.0
GATGACTTCCTTATCA-16	Neu.Epend.0
TTTACTGAGTCTCCTC-13	Neu.CSFcN.0
CAATTTCAGTTGTAAG-14	Neu.Epend.0
TGACCCTAGTGAGCCA-12	Neu.Epend.0
CTGGACGTCTGAGGTT-15	Neu.CSFcN.0
CCGAACGGTGGTCTAT-16	Neu.CSFcN.0
GAAATGAAGGATATGT-15	Neu.CSFcN.0
TCATGGAGTTGGTAGG-14	Neu.Epend.0
CAACAACAGGGCCCTT-15	Neu.Epend.0
CTCCTCCGTGACACAG-14	Neu.CSFcN.0
GTTAGTGCATTGCCGG-14	Neu.Epend.0
TCTATCATCAACCTTT-16	Neu.Epend.0
CTTTCAACAGATACTC-16	MeV.ECM.1
CGTCCATCATGGCCCA-16	MeV.Endothelial.3
GTAGATCGTCACAGAG-16	MeV.Fib.1
AGTCTCCCATGGGTCC-16	MeV.Fib.0
AAATGGACAGACAAAT-14	MeV.Endothelial.3
GAGTCATAGTTAACGA-15	MeV.ECM.2
ATCCACCGTCCTGTCT-14	MeV.Endothelial.2
GCGGATCGTATTCCGA-14	MeV.Endothelial.2
TCGACGGTCCCGTGTT-12	MeV.ECM.1
GAGTGAGCACCGTCTT-14	MeV.Fib.3
GGGCCATTCAAATGAG-16	MeV.Fib.1
CGTTGGGAGGCAGTCA-16	MeV.ECM.0
CGTTGGGAGAATTTGG-15	MeV.Fib.2
TAATTCCTCTTACACT-16	MeV.Endothelial.1
ATTCTACAGAAGATCT-15	MeV.Fib.3
TGCGATATCAACCCGG-15	MeV.Fib.5
TCATTCATCATCGGGC-15	MeV.Fib.3
TGCTCCACAGACCAGA-15	MeV.ECM.1
AGACACTAGGTAGATT-15	MeV.VLMC.0
CTGCCTAAGCGTATAA-15	MeV.Fib.2
AGCTACATCTGGGCAC-16	MeV.Endothelial.3
AACCATGGTTTACTTC-14	MeV.VLMC.0
TTGTGGAAGGTTATAG-15	MeV.Endothelial.2
GACCTTCAGCAGTCTT-14	MeV.ECM.1
ATGCGATAGGATTTGA-15	MeV.Fib.1
TCCACCACAGAACGCA-14	MeV.Pericytes.0
CATTTCAGTTCGGCTG-15	MeV.FibUnknown.8
TAAGTCGGTCCTTTGC-16	MeV.FibUnknown.8
CATCCCAAGTTTGTCG-15	MeV.LowQuality.0
TCTATACCAAAGACTA-12	MeV.FibUnknown.8
TTTGACTTCCAAGCAT-14	MeV.Endothelial.2
TCATGGACACAAATCC-13	MeV.Fib.3
ACCCAAACATCCTCAC-12	MeV.Pericytes.0
TACGGGCCATCGTTCC-14	MeV.Endothelial.1
AAAGGTAGTACGGATG-15	MeV.ECM.0
CTCAGGGCAGATTTCG-16	MeV.Endothelial.2
TGTAACGGTCATGCAT-14	MeV.Fib.2
GTGATGTGTAAGGTCG-12	MeV.ECM.0
CTGTGAACAGGTTCGC-15	MeV.VLMC.0
CGGGACTTCTGCATAG-14	MeV.FibUnknown.8
CACGAATGTACTCCGG-12	MeV.LowQuality.0
ACTTCCGTCGAGCCTG-15	MeV.Pericytes.0
ATCTCTAGTTTCACTT-14	MeV.ECM.1
GCTTCACAGAGGACTC-16	MeV.Pericytes.0
TTACGCCTCTACCACC-14	MeV.FibUnknown.8
CTGCTCAAGCTGGCTC-16	MeV.ECM.2
ACTATTCTCATTGAGC-16	MeV.Fib.0
TACAACGGTCCTTAAG-12	MeV.Endothelial.2
GTGGAGAAGCTATCCA-13	MeV.Endothelial.2
TTCTTCCGTCTCACAA-16	MeV.Fib.6
AGACCCGCAATTGAGA-15	MeV.Fib.3
CAAAGAATCGTTGTGA-14	MeV.Fib.1
CTTCCGATCTCTGACC-16	MeV.Endothelial.3
ACTTATCAGAATGTTG-12	MeV.ECM.2
TGAATGCAGCTTTCCC-15	MeV.ECM.2
GCACTAACACGCCAGT-16	MeV.VLMC.0
GGGAGTACAACTTGCA-12	MeV.Fib.1
GCACATAGTTCGAACT-15	MeV.VLMC.0
ACACAGTGTATGTCAC-12	MeV.Fib.3
GCACGTGGTAGCTCGC-15	MeV.Fib.3
GCCCGAAAGAGGTTAT-16	MeV.Fib.0
GTTCTATAGCATGATA-14	MeV.ECM.1
TGCAGGCCACAACCGC-16	MeV.FibUnknown.8
TGAGTCACAGCAGAAC-15	MeV.Endothelial.0
GCCTGTTCAGGTATGG-14	MeV.Endothelial.1
TGCATCCTCTCAAAGC-15	MeV.ECM.1
CACAACAAGGTCATTC-12	MeV.Pericytes.0
CGCATAATCTCATGGA-16	MeV.Endothelial.2
CTACCCACAATATCCG-12	MeV.Endothelial.2
ACCAACAGTCCCTGAG-12	MeV.Fib.3
GTTACCCAGTAGATCA-15	MeV.Pericytes.0
GTGTAACGTCATCCGG-15	MeV.FibUnknown.8
TATCCTATCCAATCCC-15	MeV.VLMC.1
ACCAAACTCCTACCGT-13	MeV.Fib.2
TCAATCTCAAGACGGT-12	MeV.Endothelial.2
ACTGTCCAGGAGCAAA-12	MeV.Endothelial.0
AATTTCCCATGTAACC-16	MeV.VLMC.0
AGTGACTAGTAGATCA-12	MeV.VLMC.0
TTCACGCCATCCGTTC-15	MeV.VLMC.1
CGCCATTCAAAGGGCT-15	MeV.Endothelial.2
GTAGTACAGGTCACTT-15	MeV.Pericytes.0
GTTACCCGTTGTAAAG-15	MeV.Endothelial.2
TCAGTGAGTCCAGAAG-15	MeV.Fib.2
CCCTGATGTCTACATG-15	MeV.Endothelial.2
TCGTCCAAGTCTCTGA-15	MeV.VLMC.0
ATTTCACCAACTGATC-15	MeV.Fib.3
ACTATCTCATGCCATA-15	MeV.Pericytes.0
GCCAGCAAGCACACAG-15	MeV.ECM.2
AGATAGAGTGTTAGCT-14	MeV.VLMC.0
CACAACAAGTCATACC-15	MeV.FibProlif.0
CTCCACACACCATATG-16	MeV.VLMC.0
CATTTCATCCTAGCCT-16	MeV.Fib.2
ATTCACTTCACGATCA-16	MeV.Endothelial.1
TTCATTGAGAGAGGTA-14	MeV.LowQuality.0
AGTACCATCCTTATCA-12	MeV.Fib.1
GTCTCACTCTTACGTT-16	MeV.Endothelial.2
CTGCAGGCAGGAAGTC-14	MeV.ECM.1
TCATGGACATGGACAG-15	MeV.Fib.3
CGAATTGAGACACACG-12	MeV.Fib.2
CGAAGTTTCTCTCAAT-15	MeV.Fib.2
ACCCAAAGTCCGTACG-12	MeV.Endothelial.0
CAATTTCCAAAGGCAC-15	MeV.Fib.2
GGGCTACTCCACGTAA-16	MeV.ECM.1
CTTCCGATCTACTTCA-14	MeV.Endothelial.2
GGGTGAAGTCGCTCGA-15	MeV.VLMC.1
ACCAACAGTGCCCACA-15	MeV.EpithelialECad.0
ATGGGAGTCTATGCCC-14	MeV.Fib.1
AGTAGCTGTCCGATCG-14	MeV.Fib.2
GGGCCATCAGACAAGC-12	MeV.Fib.1
AGGAGGTTCCCAGGAC-15	MeV.Fib.2
GAGTCTAAGGCAGTCA-12	MeV.VLMC.0
TCTCTGGTCTGGAAGG-16	MeV.Fib.3
CGAGAAGGTCCCGTGA-14	MeV.ECM.2
CTGAATGCAAGCGCAA-15	MeV.ECM.0
GAATCACTCAGCCTTC-14	MeV.SMC.0
CAGCCAGCACAGAGCA-16	MeV.Fib.0
AACCAACAGCGACTTT-14	MeV.Fib.0
CCGTTCACAGTAGAGC-16	MeV.Endothelial.0
GCAGCCAAGACCACGA-16	MeV.ECM.0
TCAGTCCCAATAACCC-16	MeV.ECM.1
AGTGCCGGTTATCCAG-14	MeV.Fib.1
CACTGAACACTAGGTT-14	MeV.ECM.1
GGTTCTCTCCGTATAG-15	MeV.FibUnknown.8
TTCAGGAAGTCGCGAA-16	MeV.FibUnknown.8
ACTTTCACAGAGAATT-13	MeV.VLMC.0
GTCTAGAGTGGAAGTC-14	MeV.Fib.2
CAGTTCCTCGGTCTGG-15	MeV.Endothelial.2
TCATCATTCATGTCAG-12	MeV.ECM.2
TACAGGTCAATGGCAG-14	MeV.Pericytes.0
GGTGATTCAAACACGG-14	MeV.ECM.1
CTGTACCCACACACTA-15	MeV.Fib.1
TTGTGGACACAGTGTT-12	MeV.Pericytes.0
TCTCTGGTCATGCCAA-14	MeV.Fib.3
ACTTTGTTCACGATCA-12	MeV.Fib.3
GCCAACGGTAGCGTAG-14	MeV.Endothelial.1
AGGGAGTCAAAGCTCT-14	MeV.Endothelial.2
CGACAGCGTTGACGGA-15	MeV.Endothelial.0
GAGACCCCAGCCATTA-12	MeV.Pericytes.0
CTGCATCAGGAGACCT-16	MeV.Endothelial.3
CTTTCAAGTATGATCC-15	MeV.ECM.1
GGGTGTCCACATGGTT-12	MeV.Endothelial.2
TGTAACGCACGCAGTC-12	MeV.Fib.1
AGCTTCCTCCTTATAC-16	MeV.Endothelial.2
ACGATGTGTCCGATCG-15	MeV.EpithelialECad.0
GGGTAGAAGGACAGCT-16	MeV.Fib.0
AGCGTATGTACCTTCC-15	MeV.LowQuality.0
AAAGGTAGTTACCCAA-15	MeV.ECM.2
TGTAGACTCAGAGCAG-15	MeV.SMC.0
AGAGAATTCGTCCTTG-14	MeV.ECM.1
AGAACAAAGACCACGA-16	MeV.EpithelialECad.0
TCAAGACAGTTTCGAC-14	MeV.Fib.3
AGGACTTTCAATGCAC-15	MeV.Endothelial.0
GGCTGTGAGAGCAGCT-15	MeV.Endothelial.0
TCTGTCGAGACTCCGC-16	MeV.VLMC.1
TGCAGATCATGACACT-12	MeV.Fib.1
TCCATGCTCCACTTCG-16	MeV.VLMC.0
TCATTACCAGTTGTCA-12	MeV.Endothelial.2
AGTACTGTCCATTCGC-16	MeV.EpithelialECad.0
ACTCTCGGTGCGAACA-14	MeV.Endothelial.3
CTGTGAATCACCGGGT-14	MeV.Pericytes.0
GGCTTTCCACACACTA-15	MeV.ECM.1
AAGCGTTCACAAGTGG-16	MeV.VLMC.1
TGGGCTGCAAATGATG-15	MeV.Fib.1
TTCACGCGTTTCGGCG-12	MeV.Endothelial.2
TAGGTACCAATTAGGA-16	MeV.ECM.2
TTGCATTGTCCTCCTA-15	MeV.Fib.3
AGTGTTGCAGAGGAAA-15	MeV.VLMC.0
TGGATGTCAGCGGTTC-15	MeV.Fib.3
ATCACGAGTAGAGTTA-14	MeV.FibUnknown.8
ACTATTCCAATCGCCG-15	MeV.Endothelial.1
GGAGGTACAGAACGCA-16	MeV.VLMC.0
CCGGGTACACTTCATT-14	MeV.VLMC.0
GCACATATCTAAGAAG-16	MeV.Fib.1
GGGCTACAGTGCAGCA-16	MeV.ECM.1
ACTATCTAGCCGGATA-12	MeV.Fib.5
CGTAATGCATGCCGAC-16	MeV.ECM.1
AAGTCGTTCATAGAGA-16	MeV.VLMC.0
TCGACGGCAATGACCT-16	MeV.Fib.1
ACCTGTCTCTTACCGC-15	MeV.VLMC.0
CACATGATCTGCGTCT-16	MeV.Endothelial.2
GTCATCCAGGTGGCTA-14	MeV.Fib.1
GTCAAACGTCATCGCG-16	MeV.Pericytes.0
TAGTGCAAGAGGACTC-16	MeV.VLMC.0
GTAGCTATCAACGTGT-16	MeV.ECM.1
CAACAGTAGCGAGTCA-12	MeV.FibUnknown.8
ACGTAGTGTGAGGATC-13	MeV.LowQuality.0
AGTACCAAGAAGCGGG-14	MeV.Fib.2
ATCCCTGTCATCACTT-12	MeV.Endothelial.2
TGAATCGCAAATGGTA-14	MeV.Fib.1
CAAGCTAGTAGGGTAC-13	MeV.VLMC.0
TTAATCCGTTCTCCAC-12	MeV.LowQuality.0
ACTGATGCAACCGTAT-15	MeV.Fib.1
TCAGTTTTCGGCCTTT-15	MeV.Fib.2
CCTACGTCAACAGATA-16	MeV.Endothelial.1
CTCCCTCTCTTACACT-16	MeV.Fib.2
CTTCTCTAGTCACACT-14	MeV.Endothelial.0
CAAAGAAGTCGTGGAA-12	MeV.ECM.2
GTCAAACAGACATCCT-16	MeV.Endothelial.1
CGAGGAAGTCATGCAT-15	MeV.Fib.6
ACACGCGCATAGCACT-15	MeV.ECM.2
GATTCGACATGCGTGC-16	MeV.Fib.4
AGGGTGAGTAACAAGT-15	MeV.FibUnknown.8
CTCCAACTCTGATTCT-15	MeV.Fib.0
CACTTCGAGGGTACAC-14	MeV.Endothelial.1
ACATTTCCATCCTCAC-12	MeV.Endothelial.0
GTGCTGGGTTGCCAAT-15	MeV.Fib.1
GTCGTTCAGAGAGAAC-15	MeV.VLMC.0
AACAGGGCACTTGACA-14	MeV.Endothelial.2
TTTGGAGCAAATGCGG-12	MeV.FibUnknown.8
CCACACTGTGGGAGAG-15	MeV.Endothelial.1
CGGACACGTCTCTCAC-15	MeV.Pericytes.0
TACAGGTTCCTTTAGT-14	MeV.ECM.1
AGACCCGAGATTCGAA-15	MeV.FibUnknown.8
CCAATGATCCATCTGC-16	MeV.Fib.0
AACCTGAAGCACCGAA-15	MeV.VLMC.0
GTGAGTTAGCTAAACA-15	MeV.Fib.1
CTACCTGTCGGTAGGA-15	MeV.Fib.1
AGGCTGCGTTGCTGAT-12	MeV.Fib.0
CCTACGTTCAAAGGAT-15	MeV.VLMC.0
AACAAGACAGCTCATA-15	MeV.VLMC.0
ACATGCAAGAGAGAAC-16	MeV.VLMC.1
ACTCCCAAGCGAATGC-14	MeV.Endothelial.1
CAAGAGGCATAGGAGC-14	MeV.ECM.1
CATGCAAGTCGTGTTA-12	MeV.LowQuality.0
CATTCTAAGTGCAGCA-15	MeV.Endothelial.2
AAGATAGTCTCCTGTG-15	MeV.FibCD34.7
GTCAAACAGGGCGAAG-15	MeV.Fib.0
CTCAGGGAGTCAATCC-16	MeV.Endothelial.1
GAAATGAAGGCTTTCA-14	MeV.EpithelialECad.0
GTGCACGTCCGAAATC-12	MeV.VLMC.0
AACTTCTCACTCTCGT-13	MeV.Endothelial.1
GGGATCCTCGGACTGC-15	MeV.Endothelial.3
TACTGCCCAACATACC-16	MeV.VLMC.0
AAGCATCAGGCACCAA-14	MeV.Fib.6
ATTCATCCATAATCGC-15	MeV.Fib.3
GGGACAACAGGTCCGT-16	MeV.Fib.3
CAGCAATTCACGGGCT-15	MeV.VLMC.0
ATACCGACAACACTAC-15	MeV.VLMC.0
ACGGGTCGTTCCACAA-13	MeV.Endothelial.1
CGGGACTAGTGCGACA-14	MeV.ECM.1
TTCTTGACAAAGGAGA-15	MeV.ECM.1
GTCACTCTCGCTATTT-15	MeV.FibCD34.7
AAGGTAATCATGTCTT-15	MeV.ECM.0
TCGGGACTCCGAGAAG-14	MeV.ECM.2
CTACAGAGTGCACATT-15	MeV.VLMC.1
TGTTGGAAGCCTCACG-15	MeV.Endothelial.2
CTGTATTTCAAGCCTA-14	MeV.Endothelial.0
ACACCAAGTATCATGC-16	MeV.Fib.2
ACCATTTAGGAAAGAC-16	MeV.LowQuality.0
GCGTTTCTCCTTCAGC-15	MeV.Fib.1
CGGGACTCAATTGCAC-16	MeV.Endothelial.2
CTTTCAAAGGAAGTAG-12	MeV.Fib.1
GTTAGTGTCGCCTTTG-14	MeV.ECM.1
CCCGAAGCATAGATCC-15	MeV.Fib.1
CTACGGGGTAGTCTGT-16	MeV.LowQuality.0
CACTGAAAGAGGGTGG-15	MeV.Fib.2
GTGACGCTCGAGTTGT-14	MeV.Fib.2
TACCCGTAGACATAAC-16	MeV.Endothelial.2
ATCAGGTTCAACTACG-14	MeV.VLMC.0
ACAGCCGTCGAGCCTG-14	MeV.ECM.0
TCAGCCTAGGACAAGA-14	MeV.Endothelial.2
AGAACAATCGATTCCC-15	MeV.Endothelial.2
GACCGTGTCACCCTCA-12	MeV.Fib.0
CGCGTGATCCGCGAGT-15	MeV.Endothelial.0
AGGGCTCGTATGAAAC-16	MeV.Fib.2
GTCTGTCAGTACTGGG-14	MeV.Fib.3
CCCTTAGGTGCTCTCT-14	MeV.ECM.2
AACTTCTCATCAGCTA-12	MeV.Endothelial.0
AGTGCCGAGTACAGCG-16	MeV.ImmuneDoublets.0
TAACACGCATCTCGTC-14	MeV.Endothelial.1
GGCGTCACATCAGTCA-13	MeV.Fib.3
TCCCATGAGTCAGCCC-16	MeV.Fib.0
AGATCCACACACAGAG-14	MeV.Endothelial.0
TCATCCGCAAACGGCA-12	MeV.Fib.6
CGAGTGCCATGTGCCG-16	MeV.LowQuality.0
GTGTTAGAGATGACAT-14	MeV.Fib.0
AGGACTTCACCAGTTA-12	MeV.ECM.0
AGGCATTTCAGCATTG-12	MeV.ECM.1
AATCGACGTATTCTCT-14	MeV.FibUnknown.8
CGCATAATCACGGGAA-12	MeV.Endothelial.0
AGAGCCCTCCCGAAAT-14	MeV.Fib.1
GACATCAAGCCTCTGG-14	MeV.ECM.0
CTCTCAGGTTTATGCG-16	MeV.ECM.1
GGTCACGGTCACATTG-12	MeV.Fib.1
GAAACCTGTGGGCTCT-16	MeV.VLMC.0
CAAGCTATCAGACCCG-12	MeV.LowQuality.0
CAGCGTGTCAAGTGTC-15	MeV.Endothelial.2
TTCACCGGTAGAGACC-16	MeV.Fib.1
AGAGCAGGTGTCTCCT-14	MeV.ECM.1
AGAGAATCAGAGGTAC-14	MeV.Fib.3
GTGTGATGTCCGGCAT-15	MeV.LowQuality.0
CCACCATAGTTACGTC-15	MeV.Pericytes.0
GTGCAGCAGGGCAATC-13	MeV.Fib.2
CTAGACATCACTGTTT-14	MeV.ECM.1
GCCATTCGTAACAGGC-15	MeV.VLMC.0
AGATAGAAGGTCCGAA-14	MeV.Pericytes.0
GCTACCTTCATCGCAA-15	MeV.Endothelial.2
AGGGTTTAGTTGCCTA-16	MeV.Endothelial.0
CAGCAGCCAACAGCCC-15	MeV.Fib.0
TCTCCGACACCTGCTT-15	MeV.VLMC.0
CTCCCTCAGGCAGGGA-15	MeV.Fib.3
TGCGGCACAGACCAAG-15	MeV.Pericytes.0
CCTTGTGTCGAGATAA-14	MeV.Endothelial.0
CCTCAACGTTAGGAGC-15	MeV.Fib.1
TGCGACGCACTGCTTC-15	MeV.VLMC.0
AAGCGAGGTCCATAGT-14	MeV.Fib.1
GATCATGGTGAAAGTT-16	MeV.Fib.0
TTGGATGAGTATGAAC-15	MeV.Endothelial.0
TCGTGGGAGTGAGCCA-16	MeV.FibUnknown.8
CAGCGTGGTCTGTGAT-15	MeV.Endothelial.2
TAACACGGTCGAGCAA-16	MeV.Endothelial.3
TGGATGTGTAGCTGTT-16	MeV.Endothelial.0
AGACTCATCTATTGTC-15	MeV.ECM.1
CTTCCGACAAAGCTCT-12	MeV.LowQuality.0
TAGGAGGTCTCGACCT-12	MeV.Fib.5
TTGCTGCAGCGTTACT-14	MeV.FibUnknown.8
CATTCCGCACGATTCA-15	MeV.VLMC.0
TCGGTCTCATGTTCAG-15	MeV.Pericytes.0
TGTCCACTCGCGATCG-15	MeV.Endothelial.2
TCCACCACACCATAAC-16	MeV.ECM.2
ATCATTCAGGGCAGAG-16	MeV.VLMC.0
AGCATCAGTGTGGTCC-16	MeV.Endothelial.0
GAGACTTCATTATGCG-12	MeV.Fib.6
GGAGAACAGGCCACCT-16	MeV.Fib.0
GTTACCCTCTCGTTTA-13	MeV.VLMC.0
TTCCACGCATGTAACC-16	MeV.FibUnknown.8
CTCGAGGCATTGCTTT-16	MeV.VLMC.0
CTTCTCTGTATGGAAT-16	MeV.Endothelial.2
TGGGAAGGTTGCCTAA-15	MeV.VLMC.0
TTGTTCACACACAGCC-14	MeV.Fib.2
AATAGAGAGTATCTGC-16	MeV.VLMC.0
ATACCTTCATCGATAC-12	MeV.Fib.3
CCTCAGTAGGGCGAAG-16	MeV.Pericytes.0
ATCATTCCATACCAGT-16	MeV.VLMC.1
ATAGGCTCAAGTGTCT-15	MeV.VLMC.0
AGATCCATCCAGCACG-12	MeV.VLMC.0
AGGGTGACACTAGGTT-12	MeV.ECM.1
AAAGGTACAATTGCGT-15	MeV.Fib.3
TTTCGATAGACGACGT-16	MeV.Endothelial.2
CATCCACCAACCTATG-15	MeV.ECM.0
TAAGCCATCGTCGATA-15	MeV.Endothelial.0
GTCTCACTCCCATTTA-16	MeV.VLMC.1
TGTCCACAGTGCAGCA-14	MeV.FibUnknown.8
TATCTGTCAATCGAAA-14	MeV.Fib.2
TCCTCCCAGAATCCCT-15	MeV.Fib.3
GTCAAACAGCTCCGAC-16	MeV.VLMC.0
CTGGACGGTTGCCAAT-15	MeV.Fib.3
CTTGAGATCCTAGCCT-14	MeV.Endothelial.1
CACCGTTTCGTCAGAT-15	MeV.Fib.2
GTATTTCCAAGGTACG-15	MeV.Fib.2
TTCACCGCAGAAATCA-15	MeV.Fib.1
TTTCGATAGGAGAATG-12	MeV.VLMC.0
GTACAGTAGTCGGCAA-14	MeV.Endothelial.1
GGGAGATGTTAATCGC-15	MeV.Fib.3
CGGGACTGTGATACAA-16	MeV.VLMC.0
ATCATTCAGCTGTTAC-15	MeV.FibCD34.7
GCAACATTCGGAGTGA-16	MeV.Endothelial.1
AAATGGACATAACCCA-15	MeV.Endothelial.2
AGTGACTAGTAAAGCT-15	MeV.Fib.2
ATTGTTCAGAGTCCGA-16	MeV.ECM.2
ACTACGAGTCGGCCTA-12	MeV.Fib.0
TGCAGGCTCCGTAATG-14	MeV.Fib.1
TTGGGATCACAAGCCC-15	MeV.ECM.2
TCCGAAAGTCTGCGCA-16	MeV.Endothelial.2
TTGCATTGTCTGTCCT-15	MeV.VLMC.0
ATCGTCCCAGAATTCC-16	MeV.Fib.2
CCTCAACTCGCATAGT-12	MeV.EpithelialECad.0
GGCTGTGAGTCCCAAT-16	MeV.Fib.3
CTGGACGTCGGAAACG-15	MeV.Endothelial.2
GCTACCTCAAACGTGG-16	MeV.ECM.1
CCAATGATCCCTCTTT-16	MeV.Fib.1
CGGGCATCAGACCTAT-16	MeV.FibUnknown.8
GGTTAACGTAGGCAGT-15	MeV.VLMC.1
TCACATTGTGGAATGC-15	MeV.Endothelial.3
TCAGTCCAGGACGCTA-15	MeV.ECM.1
TAAGCACAGCGGTAAC-12	MeV.Pericytes.0
TCCGTGTCACTATCCC-16	MeV.Fib.1
ATCAGGTAGGTGATCG-15	MeV.Fib.0
TGACGCGCATATGAAG-14	MeV.Endothelial.1
TCATACTGTCCCAAAT-13	MeV.VLMC.0
ACCTGAACAGGTCTCG-15	MeV.ECM.2
CGTGAATAGTTGCGCC-15	MeV.Fib.3
CAAAGAAGTGATAGTA-13	MeV.Pericytes.0
TGGATGTCATTCAGCA-16	MeV.Fib.0
CTTCCGATCGTCCTCA-14	MeV.Pericytes.0
ATGACCAAGAAGCTCG-16	MeV.Endothelial.2
GGGAGTAAGGTCCTGC-14	MeV.Fib.6
AGATCGTTCCTAGCTC-14	MeV.LowQuality.0
TGCAGGCCAACCGACC-15	MeV.VLMC.1
TAACTTCTCTCTGAGA-15	MeV.Endothelial.2
AATGGCTTCCCATTTA-15	MeV.Fib.3
CAGTTAGTCCGTATAG-16	MeV.FibUnknown.8
CAGGTATCACCCTTGT-13	MeV.Fib.3
CATAGACGTGATGGCA-14	MeV.ECM.1
AGGAATAGTCTCGACG-15	MeV.Fib.3
ATCACTTAGTAGCTCT-15	MeV.ECM.0
AGGCATTAGCCTCTCT-16	MeV.LowQuality.0
CATTCTAGTTAGAAAC-12	MeV.Fib.0
CCACAAACAACCGATT-15	MeV.VLMC.0
AAGATAGCACCTTCCA-16	MeV.Pericytes.0
GAGACTTCACCCAACG-15	MeV.ECM.2
CTCCGATTCATGCCGG-15	MeV.Fib.0
CATCCGTCATACAGCT-16	MeV.Fib.0
CGGCAGTTCTCCTACG-12	MeV.ECM.1
AGCCACGTCCTCAGGG-15	MeV.VLMC.0
TTGAACGGTATCAGCT-16	MeV.VLMC.0
AGCCAGCCACGGCTAC-14	MeV.FibUnknown.8
AGAACAACAACAAAGT-16	MeV.Endothelial.1
GATGAGGGTTTGCCGG-16	MeV.Endothelial.2
GTCGTTCCATCCTCAC-15	MeV.Fib.0
TCATATCTCAGAGCGA-14	MeV.Pericytes.0
TGGTTAGAGGCCCACT-15	MeV.Endothelial.0
TTGAGTGGTTGCTCAA-15	MeV.Fib.5
GGGTTTAAGACATCCT-14	MeV.EpithelialECad.0
CTTCTCTCAGCCTTCT-15	MeV.ECM.1
GGGTCACGTAGCGTCC-16	MeV.Fib.4
CACAGGCTCAAGTCGT-15	MeV.VLMC.0
ACTTTCATCATGCCCT-12	MeV.VLMC.0
CCCTAACAGGTAAACT-15	MeV.Fib.1
CAGCAATCACTAAACC-14	MeV.Fib.2
CTCCACAAGCCTCAAT-15	MeV.Fib.1
TCACTATTCCTAACAG-12	MeV.Endothelial.0
CGGAACCAGACGGATC-14	MeV.Fib.1
ACTATCTAGGTATAGT-15	MeV.Endothelial.1
CAAGACTGTTACTCAG-14	MeV.ECM.1
CTCAACCAGTGTTCCA-16	MeV.Fib.0
TCTACATAGACCTCCG-14	MeV.Fib.3
TAAGCGTTCATCAGTG-14	MeV.ECM.0
GCCAGTGAGGAGCAAA-14	MeV.ECM.1
CACCAAACATCCTTGC-13	MeV.VLMC.0
GATGAGGCATAGAGGC-12	MeV.ECM.1
CCACTTGGTAAGTTGA-14	MeV.LowQuality.0
AGAAATGAGCCGAACA-15	MeV.VLMC.0
TGGGATTTCTGTCCGT-13	MeV.Fib.2
GTTACCCTCAGTGGGA-14	MeV.Endothelial.2
CAACGATTCAAGCCCG-14	MeV.Fib.2
AGTGACTAGAAGGATG-15	MeV.FibUnknown.8
GTTCATTTCCCATTTA-14	MeV.Fib.2
ATCCGTCTCCCAACTC-12	MeV.Fib.1
TAACTTCCACAGTCGC-15	MeV.EpithelialECad.0
GTCGCGAAGAACGTGC-14	MeV.LowQuality.0
TCATGTTAGCGCCTCA-15	MeV.ECM.2
ACTGTGAAGGTATAGT-15	MeV.VLMC.0
ACACGCGAGTCATCCA-14	MeV.FibUnknown.8
TCTTCCTAGTGGATAT-15	MeV.Endothelial.2
TTCTAACAGCCGTTGC-12	MeV.Endothelial.2
TCATTCATCTGAGTCA-16	MeV.LowQuality.0
TAGCACACAGACAAAT-14	MeV.Pericytes.0
GCATGATAGTGACCTT-15	MeV.VLMC.0
CCGCAAGTCTGGGAGA-16	MeV.VLMC.0
CCCGGAACATCTAACG-14	MeV.Endothelial.1
TGAGTCAAGTGATAGT-12	MeV.Endothelial.0
GCTTGGGCAGTTAGGG-16	MeV.FibCD34.7
TCCACGTTCACTCTTA-16	MeV.Endothelial.1
ATCCCTGGTTCTCGTC-15	MeV.ECM.2
AACGTCACAATGCTCA-14	MeV.FibUnknown.8
TCAGTGAGTCTGATAC-16	MeV.ECM.2
CATGCTCTCCCATTTA-12	MeV.Pericytes.0
ACCACAACAAGGCGTA-16	MeV.FibUnknown.8
ATCGCCTCATCCTCAC-15	MeV.Fib.2
GATCGTAAGCACCGTC-14	MeV.Fib.2
TGTTACTGTTACCGTA-15	MeV.FibCD34.7
GTGATGTTCTTCGGTC-14	MeV.Endothelial.1
GATGCTATCAAGCCCG-15	MeV.Fib.0
TAGGTACAGAGATTCA-16	MeV.Fib.1
TCGGTCTTCGAGAATA-12	MeV.VLMC.0
CGCAGGTGTGTTACAC-14	MeV.Fib.1
TTTCGATCACCCTCTA-15	MeV.LowQuality.0
TCCTCGACAGATCCAT-16	MeV.Fib.0
CTTGAGAAGTGGAATT-16	MeV.Fib.0
GTACAGTTCCTAAGTG-16	MeV.Fib.0
CTAACTTCAGCGCTTG-15	MeV.VLMC.1
TCAAGACTCATTGTGG-15	MeV.Fib.2
GAAGGACTCGCCTTTG-16	MeV.ECM.2
ACGTAGTGTCTGCGCA-14	MeV.FibUnknown.8
AGAAGTATCGTGTGAT-16	MeV.FibUnknown.8
ACCTGAATCTTGCAGA-16	MeV.VLMC.0
CATTTCACAAGAAACT-14	MeV.VLMC.1
AGCTACAAGTCTCGTA-14	MeV.ECM.1
GAGGGTAGTTGCTCGG-16	MeV.FibUnknown.8
TCATCATGTGTTTGCA-16	MeV.Endothelial.1
TTCATTGAGCCATCCG-14	MeV.Endothelial.1
CGAATTGCATGCCGAC-15	MeV.FibCD34.7
GTTCGCTAGTCCGTCG-15	MeV.SMC.0
AGAACCTAGTATTCCG-16	MeV.VLMC.1
CGTGATATCCCGTTGT-15	MeV.LowQuality.0
AACCTTTGTGCGTGCT-15	MeV.Fib.2
ATTCGTTAGTGATAGT-16	MeV.EpithelialECad.0
ATCGTCCCAGGACTTT-16	MeV.ECM.2
TAGGTACTCGTCCTTG-12	MeV.Endothelial.0
TAACGACCAAGCGCTC-14	MeV.Endothelial.1
AGTACTGTCACCTCGT-15	MeV.Fib.2
GATGGAGTCACTGCTC-15	MeV.Fib.1
CTCATGCAGTATCCTG-16	MeV.FibUnknown.8
GCTTCACAGTGGGAAA-14	MeV.Endothelial.2
GAGCTGCCAGAGATTA-15	MeV.ECM.1
ATATCCTTCGCTGCGA-15	MeV.LowQuality.0
TCAGCCTTCAAGAGTA-12	MeV.Endothelial.2
GAGACCCAGACCCTTA-16	MeV.Fib.0
GCACTAACAGGCATTT-12	MeV.Endothelial.0
GAGAGGTTCAGCGCAC-14	MeV.Pericytes.0
CCTCAGTAGACCTTTG-12	MeV.ECM.0
TCCATGCCACTTGGGC-15	MeV.Fib.0
GCATCTCTCAATCTCT-15	MeV.ECM.2
CAGATTGCAGGTTACT-14	MeV.Fib.3
TCGGGTGGTAGCTAAA-12	MeV.Fib.1
GCGGATCCAGCAGGAT-15	MeV.VLMC.0
ACCTGAACAGATTCGT-14	MeV.Fib.2
TACATTCTCACACCCT-15	MeV.ECM.2
CCTCTCCCACCTGCAG-12	MeV.Fib.2
TCCACCAGTATCAGCT-16	MeV.VLMC.1
TACCCGTGTCAGCGTC-14	MeV.LowQuality.0
CTAACTTAGATACATG-14	MeV.ECM.0
TGCAGTAGTTCTCGCT-15	MeV.Fib.3
ACTTATCTCAGTCTTT-12	MeV.Pericytes.0
GTACAGTGTCATCTAG-16	MeV.ECM.1
TACGGTAAGCTTCTAG-12	MeV.Endothelial.0
TTCCGTGAGGTAGATT-14	MeV.Endothelial.1
ATGTCCCCAACAACAA-16	MeV.LowQuality.0
CGAAGGACAAGACCGA-14	MeV.Fib.3
GGGTAGAAGTGATTCC-14	MeV.Endothelial.1
CATACCCGTAGCTTGT-15	MeV.ECM.1
GGAGCAATCTCCTGTG-15	MeV.LowQuality.0
TGACGCGGTTGGTAGG-15	MeV.Endothelial.1
TACTGCCAGAGTATAC-12	MeV.FibUnknown.8
GTGGAGAGTGGAATGC-16	MeV.Fib.3
CATTTCACATGGGTTT-15	MeV.Endothelial.0
CATTCTAGTCGTTTCC-12	MeV.VLMC.0
CATCGGGCAAGTGACG-15	MeV.Endothelial.1
TGAACGTAGAATCTAG-14	MeV.ECM.1
AAGTGAAAGCGTGCCT-15	MeV.Fib.1
TATCTTGTCGAGAATA-15	MeV.ECM.1
TCCAGAACAGCAGTTT-14	MeV.Endothelial.0
TTAGGCATCAGCTTCC-15	MeV.Endothelial.3
CCTGCATGTCCTCCAT-15	MeV.Pericytes.0
AAGCCATTCGTTTACT-13	MeV.Endothelial.2
TAACGACAGAATCCCT-14	MeV.Fib.1
GGAGGTATCCATTGCC-15	MeV.VLMC.0
GTGTGGCTCTTAGCAG-16	MeV.ECM.1
GTGCTTCCAATGGCCC-16	MeV.Endothelial.1
GACCCTTCACCGGTCA-15	MeV.Fib.3
TGCTTGCTCCCTCAAC-12	MeV.VLMC.0
CAACAACAGCTCGGCT-14	MeV.Fib.1
CCTATCGCATGAATCC-16	MeV.Fib.1
CTCGAGGAGTGAGGCT-12	MeV.Pericytes.0
ACCATTTCAACGACTT-15	MeV.VLMC.0
CAGCGTGGTGAGACCA-15	MeV.FibUnknown.8
CATTCCGGTACGACTT-16	MeV.Fib.6
TCATTGTTCTGCGGAC-14	MeV.FibUnknown.8
TGGGCGTTCCAGTGCG-16	MeV.Fib.1
CTACTATAGCTAGCCC-12	MeV.Fib.2
TGTGTGACATCCTATT-16	MeV.Endothelial.1
TGTCAGATCGGCTGGT-16	MeV.VLMC.0
AGGGTGACAGTCGTTA-16	MeV.Endothelial.1
GTGGGAACAACCAGAG-16	MeV.Fib.2
GACCCAGGTGACTCTA-16	MeV.Fib.2
TACTTGTGTTCTAACG-15	MeV.ECM.2
GCGTGCACATGCGTGC-14	MeV.VLMC.1
GAGCTGCCAGCAAGAC-13	MeV.Endothelial.0
TCAGTGACAGTTGCGC-16	MeV.Endothelial.2
TCCTCCCTCACAAGAA-14	MeV.Fib.1
GACTGATTCACCGGTG-15	MeV.FibUnknown.8
TCCTCCCGTACGACAG-14	MeV.ECM.1
TCGCAGGGTGCATACT-15	MeV.VLMC.1
CAGGGCTCACCCTAAA-14	MeV.Fib.2
CGTGTCTTCCGTAGTA-15	MeV.EpithelialECad.0
AACAGGGTCGAGCCTG-14	MeV.FibUnknown.8
ACGTTCCAGTTGGACG-12	MeV.ECM.0
GAGCCTGAGTCTGGAG-15	MeV.Fib.3
AACGTCACAATTCGTG-15	MeV.Fib.3
TCGCACTGTTTCACTT-16	MeV.Fib.0
CGCAGGTGTCTAGGCC-16	MeV.Endothelial.2
GTAGATCCATTGCAAC-16	MeV.Fib.1
ACATCCCTCCCAAGTA-16	MeV.Fib.0
CATCGTCTCGATACAC-12	MeV.Endothelial.2
ATTTACCTCTTAGCAG-16	MeV.Fib.2
TCTATACGTCATCTAG-16	MeV.LowQuality.0
TCCTAATAGGTAGATT-15	MeV.ECM.0
GTTGCTCAGAGAGTGA-15	MeV.VLMC.1
CACTGAAGTCGAGTTT-13	MeV.VLMC.0
AGAGCCCAGGCTCCCA-15	MeV.FibCD34.7
GGGACCTCATAGGTAA-15	MeV.FibCD34.7
CTACCCATCTGTGCAA-15	MeV.Endothelial.0
ACCCTTGGTATTCCGA-15	MeV.VLMC.1
GTAGGTTAGAGGGCGA-15	MeV.FibCD34.7
TATTGGGAGCAGCGAT-14	MeV.ECM.0
TCGAACACAAGGCAAC-14	MeV.ECM.2
TGAGGTTTCAGACTGT-14	MeV.ECM.1
GACGTTATCTCATTGT-12	MeV.ECM.2
TATTGGGAGACTGAGC-16	MeV.ECM.2
CTGAATGAGTGGTTGG-15	MeV.FibCD34.7
ATGAAAGGTAGACAAT-14	MeV.Endothelial.2
GAGGGATGTAGTGCGA-14	MeV.Pericytes.0
ACTATCTGTTTCACTT-14	MeV.Fib.2
CCGGTGATCCCAAGCG-16	MeV.LowQuality.0
CGTCAAATCGGCGATC-15	MeV.VLMC.0
ACATTTCTCTACGGTA-12	MeV.Endothelial.0
TTCTAGTCAACCTAAC-16	MeV.FibUnknown.8
ATTCCCGCATTCCTCG-16	MeV.ECM.1
GAAGCCCAGTGATAGT-14	MeV.Fib.0
CAGATTGAGGTGTGAC-15	MeV.Fib.3
CTGCTCAGTTAGAGTA-12	MeV.Fib.2
GGTGGCTAGCAGGTCA-16	MeV.Endothelial.1
TTGGGTAAGAAACTGT-14	MeV.Pericytes.0
AGGATAACAATTCTCT-16	MeV.Fib.2
ACACAGTAGCACCGAA-15	MeV.Fib.1
TCGGGCACATCCGCGA-15	MeV.Pericytes.0
CATACTTTCTGCCTCA-16	MeV.Endothelial.2
GGGATCCTCTGGCCTT-12	MeV.Fib.3
TTCCTTCAGGGAGATA-15	MeV.ECM.0
GACCAATCATACCAGT-15	MeV.VLMC.0
ATTTCACAGGCAGCTA-14	MeV.ECM.1
GCACATATCACTTATC-13	MeV.VLMC.0
GTGGGAACAGCTACAT-15	MeV.Endothelial.0
CCATCACAGTGATAAC-14	MeV.Fib.3
AAAGGGCAGGATACCG-16	MeV.Pericytes.0
AGGCCACAGAGTCAGC-16	MeV.LowQuality.0
TTTACCAAGTAGCTCT-14	MeV.Fib.0
AAGGAATGTCAGACGA-14	MeV.Pericytes.0
GTTGAACCACCCTCTA-15	MeV.FibCD34.7
TAAGTCGTCCACACCT-15	MeV.Endothelial.0
GCACTAAAGTTGCGCC-14	MeV.Endothelial.1
GTGTTAGCAGCTGAGA-12	MeV.ECM.1
TCGTCCATCAGCCCAG-16	MeV.Pericytes.0
AGGCATTAGCCTCACG-16	MeV.ECM.1
TGATGCATCAAGCCTA-12	MeV.ECM.1
TCAATTCTCCCTCATG-15	MeV.Endothelial.2
CTGTGAAAGCGCTGCT-12	MeV.Endothelial.3
TCATTACAGTCAACAA-14	MeV.Endothelial.1
TTGCGTCAGCCGTAAG-15	MeV.VLMC.0
GACTTCCTCTCCCAAC-16	MeV.Fib.2
GGGCGTTCAAGACCGA-14	MeV.Endothelial.2
TTGCGTCCATGGCGCT-16	MeV.Pericytes.0
CACGAATAGTGAATAC-14	MeV.VLMC.0
GATTTCTGTTGCATCA-12	MeV.Pericytes.0
CCAATTTAGCTTAGTC-16	MeV.FibUnknown.8
ACCACAAGTCCAGTTA-15	MeV.Fib.1
CAGCGTGCACGGAAGT-14	MeV.VLMC.0
CTCCAACTCCTTGGAA-16	MeV.VLMC.0
TCGTAGATCCGATTAG-15	MeV.FibUnknown.8
CATGCCTGTTCAAAGA-16	MeV.VLMC.1
CATTGCCAGGATGAGA-15	MeV.ECM.1
ATACCTTTCTACCAGA-15	MeV.VLMC.1
CCGGTAGGTCACTACA-16	MeV.Endothelial.1
TGAGGGATCTATGCCC-16	MeV.Endothelial.2
TTGGGTACACCGTGGT-14	MeV.FibUnknown.8
CAGGGCTCAATACGAA-12	MeV.Endothelial.0
TATACCTAGACGCATG-16	MeV.LowQuality.0
CCCTGATAGCACGGAT-14	MeV.VLMC.0
GCCGATGGTCTAGGCC-12	MeV.VLMC.0
TAGGTTGTCTGCATGA-12	MeV.Fib.0
TGTAAGCTCGAGAAGC-15	MeV.Endothelial.2
GTGAGGATCAACCGAT-13	MeV.VLMC.0
TTTGGTTCAAGATCCT-16	MeV.Fib.2
CGAAGGATCTTACGTT-14	MeV.Endothelial.1
CGGGACTAGGCCTTCG-14	MeV.Endothelial.2
AACCTGATCTAGTCAG-15	MeV.LowQuality.0
GACACGCTCAGACCTA-14	MeV.FibUnknown.8
TGTTGAGCAATATCCG-15	MeV.Fib.3
GCCGATGGTACCGGAA-16	MeV.ECM.2
CTCATGCTCATGCAGT-14	MeV.Endothelial.2
TACCTGCGTGAGGATC-16	MeV.ECM.2
CATCGCTAGAGCGACT-16	MeV.EpithelialECad.0
GTGAGGAAGGATACGC-15	MeV.Fib.2
GCCAGTGTCTTAATCC-14	MeV.Endothelial.1
CGAGTTATCGCACTCT-14	MeV.VLMC.0
GGCTTTCGTAACGCGA-14	MeV.Fib.3
TCATGAGTCTAACGCA-15	MeV.Endothelial.2
ATACCTTCATGCCATA-14	MeV.ECM.1
TCACACCGTTGGACTT-15	MeV.VLMC.0
CCTCAACTCAGGTGTT-12	MeV.EpithelialECad.0
AGGTCTAAGGGCAATC-16	MeV.Endothelial.1
CTCGAGGCACGGCTAC-14	MeV.Endothelial.2
GTTGAACCAAGTTTGC-16	MeV.LowQuality.0
CTCATTAGTCAGACTT-16	MeV.VLMC.0
CCGCAAGGTTCCTAGA-15	MeV.Endothelial.0
TCTTTGATCCACACAA-14	MeV.Endothelial.1
CAGATCACAACGCATT-15	MeV.ECM.1
ATCACGATCAGGACGA-15	MeV.FibUnknown.8
GGGAAGTCAGTATACC-15	MeV.EpithelialECad.0
TCCAGAATCACCCATC-12	MeV.Fib.0
GCCCGAACATGACGGA-16	MeV.Endothelial.1
TGTCAGAAGAAGATCT-15	MeV.Fib.6
GGTGTTAGTGCTTATG-16	MeV.FibUnknown.8
TGCTCCACACTCCACT-14	MeV.Fib.1
ATTCCCGTCCTTCTTC-16	MeV.SMC.0
AATGCCAAGAATAGTC-14	MeV.FibUnknown.8
TGTCCACGTCTTACTT-15	MeV.Fib.3
GGGTGAAAGTATAACG-14	MeV.Pericytes.0
CCTGTTGCAGGTCAAG-16	MeV.ECM.1
GTCCCATCAATTGCAC-14	MeV.ECM.2
CTTCTCTAGTTGCCCG-15	MeV.ECM.1
ACTCTCGAGTATGTAG-15	MeV.Pericytes.0
CTTACCGTCACCGGGT-16	MeV.Fib.1
AATTTCCTCATCAGTG-14	MeV.Endothelial.1
CCTAAGAAGGTTCCAT-16	MeV.LowQuality.0
TAACGACAGGCAGGTT-12	MeV.LowQuality.0
CTCCGATTCCAGTACA-14	MeV.Fib.3
AGGATCTGTTCGATTG-15	MeV.LowQuality.0
GGCTGTGTCTAACGCA-14	MeV.ECM.1
CTGCATCCATACTTTC-14	MeV.Fib.6
TGAATCGGTGCCGTTG-16	MeV.Endothelial.3
TCTCTGGTCCGATGTA-16	MeV.ECM.2
CTACCCATCTTCTAAC-16	MeV.VLMC.0
GTAGAGGCAGGACATG-16	MeV.Fib.2
CTTCCGAGTGAGACCA-15	MeV.VLMC.0
CCTATCGTCAAGCCTA-14	MeV.VLMC.0
TACGTCCAGTACCATC-16	MeV.Endothelial.2
CCAATTTCATCCGGCA-13	MeV.Endothelial.2
TTTCCTCGTGTCCCTT-15	MeV.Fib.2
ATACCGAAGCGTTCCG-15	MeV.VLMC.0
TACCCGTAGGCCCACT-16	MeV.Fib.1
TGTTTGTCAGGTTTAC-15	MeV.Endothelial.2
GGAGAACTCTATTTCG-15	MeV.VLMC.1
GGGTGAAGTTGTATGC-15	MeV.Fib.2
CTATCCGCAGCCGGTT-14	MeV.LowQuality.0
AGAGCCCTCCATAGAC-13	MeV.Fib.1
ATTATCCTCCTATTTG-14	MeV.Fib.0
AGGCTGCCACGGCGTT-15	MeV.Fib.0
AAAGGATAGACTACGG-15	MeV.FibCD34.7
CCGATGGCAGCAGTCC-16	MeV.VLMC.0
GAATAGATCCGGTAGC-12	MeV.Endothelial.3
CGAAGGACAGCGGATA-15	MeV.Endothelial.0
GTCGTAAAGTCTGGAG-15	MeV.ECM.2
TCCGATCTCCGTAATG-15	MeV.Fib.3
TAACACGAGTGCGCTC-12	MeV.FibUnknown.8
ACGTTCCTCAGCATTG-12	MeV.Fib.1
GCGTGCAAGATTGGGC-12	MeV.Endothelial.0
ATGATCGCACTCAGAT-14	MeV.Pericytes.0
AATTTCCGTTTACCTT-16	MeV.FibUnknown.8
TGCACGGTCGGATACT-12	MeV.ECM.2
CTAACCCGTACCGCGT-15	MeV.ECM.0
AAAGTCCAGGTCCCTG-14	MeV.Endothelial.1
AATGGCTAGCTGGCCT-15	MeV.FibUnknown.8
ATAGACCAGTGGTGGT-16	MeV.Fib.0
TCACACCTCTCCTGTG-16	MeV.FibUnknown.8
TCCAGAATCCACCTCA-14	MeV.ECM.1
CTGTAGACAGCTAACT-16	MeV.Endothelial.2
AATGGAACATTAAGCC-15	MeV.Endothelial.2
AACCACATCGATTGAC-16	MeV.FibUnknown.8
ACAGAAATCCTCGATC-14	MeV.ECM.1
TTTGACTCAGGCAATG-12	MeV.Fib.1
TGATCTTTCAAGCCCG-15	MeV.Fib.3
TGATTTCCACGGTCTG-14	MeV.EpithelialECad.0
TCATTACGTGCTCTTC-15	MeV.Fib.3
TCGTCCAAGCTGAGCA-15	MeV.ECM.2
GGAGATGAGAAACCCG-15	MeV.VLMC.0
GAAGGACTCCCTCGTA-16	MeV.VLMC.1
TTGGGATTCACGATCA-16	MeV.Pericytes.0
TGCGGGTTCAGGGTAG-16	MeV.Endothelial.1
CTGGTCTCAGATACCT-14	MeV.Endothelial.1
TCGACGGTCATTGCCC-14	MeV.Endothelial.2
CTCAATTGTCACGTGC-15	MeV.Fib.3
TCCACGTAGCATCGAG-14	MeV.VLMC.0
AAGCGAGCATGATGCT-13	MeV.ECM.2
AACGAAAGTTCTCAGA-14	MeV.Pericytes.0
AAAGGGCTCGGAATGG-14	MeV.EpithelialECad.0
GAAGCCCCACACGTGC-16	MeV.LowQuality.0
ATCGGCGTCTGGAAGG-14	MeV.Endothelial.1
CCTGTTGGTCTAACTG-15	MeV.FibUnknown.8
AAGTCGTCACTCCTGT-14	MeV.VLMC.1
GGTAATCGTTTGATCG-12	MeV.FibUnknown.8
AACGGGAAGAGTCTGG-16	MeV.VLMC.0
CTCCCTCGTTGGGACA-16	MeV.Endothelial.2
TACACCCGTATGGAAT-14	MeV.Pericytes.0
GCAACATGTACGATCT-12	MeV.Endothelial.2
CTTCCGAAGATACGAT-14	MeV.Endothelial.1
CCCTCAATCGCCTCTA-12	MeV.Pericytes.0
GCTGCAGCAGGGTTGA-14	MeV.EpithelialECad.0
CATTCTAAGTATGCAA-16	MeV.Pericytes.0
CCCAACTAGTTCCATG-15	MeV.VLMC.1
GTAGAAAGTAGATTAG-15	MeV.FibCD34.7
ATCGATGTCGCCCAGA-15	MeV.Fib.1
ATGAGTCGTACCGCGT-16	MeV.VLMC.0
CCTTCAGGTCCACGCA-12	MeV.Fib.2
AGGTCTACACGCTATA-12	MeV.Fib.6
ACGGAAGCATACTGAC-15	MeV.ECM.2
CGGCAGTCACGTATAC-16	MeV.VLMC.0
CACGAATAGAATTTGG-16	MeV.EpithelialECad.0
AATCACGTCGAGGCAA-15	MeV.Fib.1
AATTTCCAGATGTAGT-14	MeV.Fib.0
GTCTGTCAGGTTTGAA-14	MeV.VLMC.0
GACCGTGTCTGGAGAG-16	MeV.Fib.1
CAGCAGCAGCATTGTC-15	MeV.VLMC.0
CGGTCAGAGAGCCGAT-13	MeV.Endothelial.2
CTCCAACTCTAATTCC-14	MeV.ECM.2
CAACCAATCTACGGTA-14	MeV.FibUnknown.8
CTCCTTTTCTGGGTCG-15	MeV.FibUnknown.8
ACTCCCAAGATTGACA-15	MeV.Endothelial.2
TGCATGACATCATCCC-12	MeV.VLMC.0
CTCCTTTGTCTCACAA-15	MeV.Endothelial.1
TATGTTCAGTTCGCAT-15	MeV.Pericytes.0
TCGACCTTCTACCACC-16	MeV.VLMC.0
TACCCACAGTCTTGGT-16	MeV.ECM.1
CATTGCCTCCCTGGTT-15	MeV.ECM.2
AGTACTGGTGAGTCAG-15	MeV.Endothelial.1
TTGCCTGAGGCTCACC-14	MeV.FibUnknown.8
GCCCAGATCTGACCCT-16	MeV.Pericytes.0
GAGTTACCACGTAGTT-12	MeV.ECM.1
GGAGAACAGTGCGTCC-14	MeV.Endothelial.0
TCATACTCATATACCG-15	MeV.Fib.0
TGTTGAGGTTCGGCCA-16	MeV.Fib.6
TGAATGCGTTGACTAC-14	MeV.VLMC.0
AGGGCTCCACCGCTGA-13	MeV.Endothelial.3
CGTCAAAGTCCAGTTA-15	MeV.VLMC.1
CCAATTTAGATGCTGG-15	MeV.Fib.3
CCCTTAGAGCATGCGA-16	MeV.ECM.1
AATGAAGTCAGGAGAC-15	MeV.FibUnknown.8
GTCAAACGTGATACAA-14	MeV.Pericytes.0
GCCAGTGAGTAAACGT-15	MeV.FibUnknown.8
TTGGGTAGTTTAGACC-12	MeV.EpithelialECad.0
TAACTTCTCTTTCAGT-16	MeV.Fib.2
CTTCAATAGAGTTGAT-16	MeV.LowQuality.0
CTACCTGAGTCAGCCC-14	MeV.Endothelial.2
TTTGTTGCATAGGCGA-16	MeV.Fib.1
CTACAGACACTAGAGG-12	MeV.ECM.1
TCGCTTGCATTAAAGG-14	MeV.Fib.2
TTTGTTGCATCGTCCT-16	MeV.Fib.2
TTAATCCAGCCGAACA-15	MeV.Endothelial.0
CACTGGGTCTGGAAGG-15	MeV.Fib.2
TCAGGTACAGTCGAGA-12	MeV.Pericytes.0
CCCTGATAGTGACCTT-16	MeV.LowQuality.0
TCGACCTAGAGTGTGC-15	MeV.Endothelial.2
GGCTTTCTCTCGTCAC-16	MeV.LowQuality.0
TCATTGTCACAGCCTG-12	MeV.Endothelial.2
CCTTCAGGTTAGAGAT-12	MeV.Fib.3
ACTCTCGGTTGCCTAA-16	MeV.VLMC.1
ACGTTCCCAAATGAGT-15	MeV.LowQuality.0
CCGAACGGTAGAAACT-14	MeV.Pericytes.0
CTTCTAAGTTACCTTT-15	MeV.Fib.1
CACCGTTGTCACTTAG-14	MeV.LowQuality.0
AGACACTAGCTAGAGC-15	MeV.Fib.5
GTAGCTACAGGGTTGA-12	MeV.ImmuneDoublets.0
GGGTGTCAGTACTCGT-16	MeV.VLMC.0
GACCAATTCTCGGGAC-16	MeV.Endothelial.1
CCCTAACCATCCTCAC-15	MeV.Fib.2
CTCTCGAAGGATTTGA-14	MeV.Fib.0
ACTATCTGTGCGACAA-12	MeV.Fib.1
TCTCACGGTCACAGTT-15	MeV.Fib.1
GGAATCTCAATACCCA-15	MeV.VLMC.0
TAGACCAAGCCTTCTC-14	MeV.Endothelial.2
AACGGGAAGTATTAGG-14	MeV.Pericytes.0
TCTGGCTGTAGATTGA-14	MeV.Endothelial.1
TTCACGCGTAATCAGA-12	MeV.Endothelial.0
CTCATGCTCCATACTT-15	MeV.Fib.4
CCACTTGGTTGGACCC-14	MeV.Fib.0
TAGACCAGTTGTGCAT-16	MeV.Fib.0
TAGGGTTGTTCTCACC-15	MeV.FibCD34.7
CGTAAGTTCCACCTCA-15	MeV.VLMC.1
ACAGCCGTCCTGGGAC-15	MeV.Fib.1
AACAGGGAGGCACAAC-14	MeV.Fib.0
GGCAGTCCACAACATC-15	MeV.FibProlif.0
ACGTAACCAGATACCT-16	MeV.Endothelial.1
CTGTACCCATCTATCT-15	MeV.VLMC.0
CGAAGTTAGGGCTTCC-14	MeV.Fib.1
AAGACTCCATGGCTGC-13	MeV.VLMC.0
CCATCACAGGAATGTT-16	MeV.FibUnknown.8
TCCTAATCACAAGGTG-15	MeV.Fib.0
AGATGCTTCCGTCACT-14	MeV.Endothelial.0
AGTACTGGTTAAGAAC-15	MeV.ECM.1
CCGATCTGTAGTCCTA-14	MeV.ECM.2
AGAAGTACACAAATAG-14	MeV.ECM.0
GTGGAGAAGCACCCAC-16	MeV.FibUnknown.8
TCGCTTGCACAAGCTT-15	MeV.ECM.2
GACACGCAGCTGAGTG-15	MeV.VLMC.1
GTCTGTCGTCGCTCGA-15	MeV.LowQuality.0
ACCGTTCCAACTCCCT-16	MeV.Endothelial.2
GAATCGTGTGATAGTA-15	MeV.Endothelial.2
ACACAGTAGACCAAAT-12	MeV.VLMC.0
CATCGCTGTACGTTCA-15	MeV.Fib.2
CGATCGGCAGCAATTC-15	MeV.ECM.2
GGTTAACTCCGCAAAT-12	MeV.ECM.2
GTTACAGCAGGAGGTT-16	MeV.Endothelial.1
TACCTGCAGCATGGGT-12	MeV.ECM.0
CTGCCATGTCTTGCGG-14	MeV.Fib.2
TAGGGTTGTAGCGCCT-14	MeV.SMC.0
CTCCCTCTCGGCCAAC-16	MeV.Fib.6
ATGATCGTCCACCTCA-12	MeV.Endothelial.2
GTCGTTCGTTATCTGG-16	MeV.Fib.3
TTCATTGTCCGAGATT-16	MeV.Pericytes.0
GCTACAAGTATGAAAC-16	MeV.Endothelial.1
TTCTCTCGTAATGCTC-16	MeV.ECM.1
GTTCCGTCAGCAGTTT-15	MeV.FibProlif.0
TTGTTGTCAGCAGACA-15	MeV.FibCD34.7
TATACCTAGCGTGTTT-16	MeV.VLMC.0
TACGGTACAGATAAAC-15	MeV.ECM.1
AAATGGATCACCATAG-16	MeV.FibUnknown.8
CAGAGCCGTACCGGAA-12	MeV.Fib.0
CCTCAACGTGGAGAAA-12	MeV.Fib.2
AATGACCTCATTGTTC-16	MeV.Fib.1
GATGACTTCGACGATT-15	MeV.LowQuality.0
CACACAATCTTTGCGC-12	MeV.Fib.3
GATTTCTAGGCTCTAT-15	MeV.VLMC.0
GATGTTGTCTCGCGTT-16	MeV.ECM.1
TTGGTTTGTGGTTCTA-16	MeV.Fib.2
TGTGCGGAGGTCATTC-12	MeV.Pericytes.0
TCATCCGGTAGGGAGG-12	MeV.VLMC.0
ACCATTTTCCTATGGA-15	MeV.ECM.1
ACGATGTGTTGCACGC-16	MeV.VLMC.1
TGAATCGCACTACTTT-12	MeV.ECM.1
TACACCCAGAACCCGA-12	MeV.ECM.0
TATCGCCAGCTTGTGT-15	MeV.EpithelialECad.0
TAACACGAGCGCCTAC-16	MeV.Pericytes.0
CAACCTCGTACCGGAA-14	MeV.ECM.1
AGGTTACTCCTGGCTT-15	MeV.ECM.2
GAGACTTAGTACAACA-12	MeV.FibUnknown.8
ATTCCTATCTCTCGCA-13	MeV.Fib.1
GTCGTTCAGTTCATCG-12	MeV.Fib.2
TCCTCCCCAGAGGCAT-14	MeV.ECM.2
CAGCAGCCACTGCGAC-12	MeV.Endothelial.0
TCGAACACATCGGCCA-14	MeV.Endothelial.1
TACAGGTTCAGCTTCC-15	MeV.ECM.1
CATGCTCTCCAGTTCC-14	MeV.VLMC.1
CGATGGCCAGACAAAT-15	MeV.Endothelial.0
CTCAGGGTCACGGGCT-15	MeV.VLMC.0
TTGTGGATCTAGTGAC-15	MeV.FibUnknown.8
ACCCTTGCAGCGTAGA-16	MeV.LowQuality.0
CCGGTAGGTGTGTGGA-13	MeV.Endothelial.1
GCCATTCGTACGATTC-14	MeV.ECM.0
CTTCTCTGTCTCGGGT-14	MeV.Endothelial.1
AAGCCATTCCGGACTG-16	MeV.Endothelial.1
AATGGCTTCATAGCAC-12	MeV.Endothelial.0
TAACCAGTCTTGCGCT-14	MeV.LowQuality.0
TTAGTCTGTGCGAACA-16	MeV.Fib.2
CTACTATGTTCCCACT-14	MeV.ECM.1
ATCGTGAGTGTCCATA-15	MeV.Endothelial.1
TACGCTCGTTCAAGGG-15	MeV.Fib.0
CAGTTCCCACAGCATT-16	MeV.Fib.1
ACGTAGTAGGATATGT-12	MeV.Fib.0
CAGAGCCTCAATCTTC-14	MeV.Pericytes.0
ATCCCTGCAGGAATAT-14	MeV.Pericytes.0
CCACCATTCAGCTGTA-12	MeV.VLMC.0
TGCAGTACATTAGGAA-15	MeV.Fib.2
ACAGGGACAACTGGTT-16	MeV.Fib.1
GGGTAGACAGAGATGC-12	MeV.VLMC.0
GAATAGAAGGTCGACA-14	MeV.ECM.2
GGTTGTATCCCAATAG-14	MeV.Endothelial.1
ATTTCTGCACAGTCAT-15	MeV.FibUnknown.8
AGACCATCAACCAATC-15	MeV.Endothelial.0
ATGAGGGTCACGATAC-15	MeV.LowQuality.0
TAAGCACCAGCTGTGC-14	MeV.Endothelial.0
TGCTTGCCAGGTTACT-16	MeV.Fib.0
GTATTGGCAGGGCTTC-12	MeV.Endothelial.2
TACTGCCAGCCAACCC-15	MeV.Fib.6
TGCCGAGAGATCCCAT-15	MeV.Endothelial.0
TACCCGTCACGCTATA-15	MeV.Fib.3
TGACTCCGTATACCTG-14	MeV.FibUnknown.8
TTTACCAAGACCAACG-15	MeV.ECM.2
AGGGTGAGTAACATAG-15	MeV.Fib.0
TACTGCCTCACCCTCA-14	MeV.ECM.2
AAGTCGTTCCGCATAA-16	MeV.FibUnknown.8
GTGTGGCAGGTCGACA-16	MeV.FibUnknown.8
TCAAGTGCAAGAGAGA-16	MeV.LowQuality.0
GGAATCTAGGCGATAC-15	MeV.Pericytes.0
CTCCTCCGTCCTGGGT-13	MeV.Endothelial.3
TTGGGTACAGCAGACA-12	MeV.FibUnknown.8
CTCCCTCCAGCTGTCG-15	MeV.Endothelial.2
GGATGTTGTTGTCTAG-14	MeV.Endothelial.2
ATCCATTCAGTGGCTC-16	MeV.Fib.6
TCATGAGGTCCTTAAG-14	MeV.Endothelial.0
GAACGTTTCACGGAGA-16	MeV.Endothelial.1
CATAGACTCCATGAGT-14	MeV.Fib.3
TCCGAAAAGAGCATCG-15	MeV.Endothelial.0
CCAAGCGCAACTTCTT-16	MeV.Endothelial.2
AGTTAGCAGGAAAGAC-16	MeV.ECM.1
TCTCCGATCTGTCGTC-14	MeV.FibUnknown.8
AGGGCTCGTACGGATG-15	MeV.FibCD34.7
GCAACATTCCTTCTTC-13	MeV.VLMC.0
ATCGGCGTCGGTCGAC-15	MeV.VLMC.0
CATTCTAAGGAGAGTA-16	MeV.VLMC.0
AATGGAATCTCTGGTC-15	MeV.Fib.3
CTGCGAGAGAGAGCAA-14	MeV.Fib.3
GCGAGAACATGGCTAT-12	MeV.Pericytes.0
AATGGCTGTACAACGG-15	MeV.Fib.3
TCGTGCTGTGCACAAG-15	MeV.Fib.0
TCACACCGTGCCCTTT-14	MeV.LowQuality.0
CTCCTTTAGAAGCGAA-16	MeV.Fib.3
AGAAGTAGTACAGTCT-16	MeV.Fib.1
TTGTTGTCATGATCTG-14	MeV.LowQuality.0
ACAAGCTTCTGCGGAC-16	MeV.FibUnknown.8
GGTGTTAGTTCGAACT-16	MeV.Fib.4
ATCTTCATCAGCCTTC-16	MeV.VLMC.0
CAACGATCACGCTATA-15	MeV.SMC.0
CACGTTCCACGCAAAG-14	MeV.Endothelial.2
GTAGAGGGTACGATTC-16	MeV.FibUnknown.8
ATTCAGGAGCTCTGTA-13	MeV.Pericytes.0
ATCACTTTCCCATAAG-14	MeV.ECM.0
AATTCCTGTCAATCTG-14	MeV.EpithelialECad.0
GGTTAACGTGCCTATA-16	MeV.Fib.3
TTCTCTCCATGCCATA-14	MeV.Endothelial.1
GCTTTCGTCATCCTGC-14	MeV.Fib.0
AACCATGAGGAGAGTA-14	MeV.Endothelial.0
GATGAGGCAACTGAAA-14	MeV.VLMC.0
CTTACCGGTTCTCCAC-16	MeV.Endothelial.2
ACGGTTACACCAAATC-16	MeV.Fib.1
ATGGGTTGTAGAGACC-15	MeV.VLMC.0
GTACAGTCATCCGGTG-14	MeV.ECM.1
CGTGATACATGGCGCT-16	MeV.Endothelial.2
CCTTGTGCAGAGACTG-16	MeV.Endothelial.1
TCAGTTTCAATTGCAC-16	MeV.ECM.1
GGTGTCGCAAGGAGTC-16	MeV.FibUnknown.8
TCTTAGTCACTGAATC-14	MeV.Fib.2
ACTTTGTCAGGTAGTG-16	MeV.ECM.0
GAGCTGCAGGGAGGTG-16	MeV.VLMC.0
GACTTCCAGACGACGT-15	MeV.Endothelial.0
GAGAGGTTCATGGCCG-15	MeV.Fib.3
GTCCACTGTGCCGGTT-14	MeV.Fib.1
AATGGCTCAGGCCTGT-14	MeV.Pericytes.0
ACAAGCTAGTAGTCCT-15	MeV.VLMC.0
TGCAGTATCCTTCTAA-12	MeV.Fib.1
TCTATCAAGCACACCC-14	MeV.FibUnknown.8
AATGCCATCATGCCAA-15	MeV.FibUnknown.8
AATTTCCTCCATTTGT-16	MeV.Endothelial.3
GGGCTACCAAACGGCA-15	MeV.VLMC.0
AGACTCAAGGTGTGAC-15	MeV.FibCD34.7
CGGTCAGGTGGACTGA-14	MeV.ECM.0
AACCATGCACGTACTA-15	MeV.Endothelial.1
GTGACGCAGCTCACTA-16	MeV.FibUnknown.8
TGGGAGATCTCCACTG-14	MeV.VLMC.0
ACAACCACAAAGCAAT-12	MeV.ECM.0
TCGAACATCGCGCCAA-16	MeV.Endothelial.2
GGGTGTCTCTAAGCGT-13	MeV.VLMC.0
AGATCCAAGAATTTGG-16	MeV.VLMC.0
GACTTCCCACCTGATA-14	MeV.Endothelial.1
TTGCATTAGCTCTGTA-15	MeV.Fib.3
AGAAGCGGTACCTGTA-16	MeV.ECM.2
GGAGAACGTTTGTGGT-15	MeV.ECM.1
AGATGAACAAACGTGG-16	MeV.Pericytes.0
AACCTGACACATTACG-16	MeV.Pericytes.0
GTGTAACTCGTCGGGT-14	MeV.SMC.0
GACTTCCTCATAGCAC-16	MeV.Fib.1
AAACGCTGTATGGTAA-15	MeV.EpithelialECad.0
TCTACATTCGACCACG-14	Imm.M0Like.2
TAGATCGCAAACGTGG-15	Imm.M0Like.0
GCAGGCTAGGACCCAA-16	Imm.M0Like.2
CACCAAACATGCTGCG-15	Imm.DAM.1
GTTGCTCCAGCTGGTC-16	Imm.M0Like.1
TTACTGTCAGAAATTG-15	Imm.M0Like.1
GCACTAACACGTCGTG-15	Imm.M0Like.0
CAGATCAGTCCCGGTA-16	Imm.M0Like.2
ATTCTTGTCCTCACCA-14	Imm.M0Like.1
AACGTCACACTACTTT-13	Imm.M0Like.0
CTCCTCCTCTGGGATT-15	Imm.M0Like.0
AATTCCTGTACGTACT-16	Imm.M0Like.0
TGGGCGTGTTCATCGA-14	Imm.M0Like.1
TTTACGTAGAGGTCAC-13	Imm.M0Like.2
TCACAAGAGCACTAGG-15	Imm.M0Like.1
GCCCAGACATCGCTGG-14	Imm.M0Like.0
TGTAAGCGTAGTGTGG-12	Imm.M0Like.2
TCGCAGGGTATTGCCA-16	Imm.M0Like.0
TGATGCAAGGTGCGAT-15	Imm.M0Like.0
ACACAGTTCTTTGGAG-12	Imm.PVM.0
AATGCCATCCCTGGTT-14	Imm.M0Like.0
TCATGAGTCAAGCCGC-15	Imm.M0Like.0
CGGGCATTCTAGTTCT-16	Imm.M0Like.1
TCTTCCTTCGGTATGT-16	Imm.PVM.0
CATCGGGAGTCTAACC-16	Imm.PVM.0
TCCCAGTCAATGGCCC-15	Imm.M0Like.0
AGGTTACAGGTAGCCA-15	Imm.M0Like.2
CATGCCTGTTCTCGTC-16	Imm.M0Like.2
TTACCGCCAGCTCCTT-16	Imm.M0Like.1
GCCGATGAGAAGCCTG-16	Imm.M0Like.0
CGTTCTGGTCTTGTCC-14	Imm.M0Like.2
CTCCAACCAAATGGCG-14	Imm.PVM.0
GTTGTGAAGAAATCCA-15	Imm.M0Like.0
ACTTTCAGTTCTCACC-16	Imm.M0Like.1
CATCGGGCAGAGTCAG-13	Imm.M0Like.1
TCTCTGGGTGTCCATA-13	Imm.M0Like.0
CACAGATTCAGACTGT-12	Imm.M0Like.1
CTAAGTGTCTATGTGG-16	Imm.M0Like.0
ATTCTTGAGCCTATCA-15	Imm.PVM.0
TGAACGTGTCTTAGTG-15	Imm.M0Like.0
GACATCATCGGCCTTT-14	Imm.M0Like.0
ATCCTATAGCAGCAGT-15	Imm.M0Like.1
CCTCCAATCTTAGTTC-15	Imm.M0Like.0
AGGATAAAGTGGAAGA-14	Imm.M0Like.2
ATAGGCTAGTCTGCAT-14	Imm.MHCII.0
TGCACGGCACTTTAGG-16	Imm.M0Like.0
AGCCAATAGCGGTAGT-16	Imm.M0Like.1
GTAATGCGTATTTCGG-16	Imm.M0Like.2
TCCTCGATCCATAAGC-12	Imm.DAM.1
GCCAGTGCACCCTATC-14	Imm.M0Like.1
GCAACCGAGAACTTCC-15	Imm.M0Like.0
GGGATCCGTGACGCCT-15	Imm.M0Like.0
AGATCGTTCGCTCCTA-15	Imm.PVM.0
CTCATTAAGGAATGTT-14	Imm.M0Like.1
CAGTGCGCAAGTGATA-14	Imm.Proliferative.0
GATGAGGAGTCTGGTT-15	Imm.M0Like.0
ATCGCCTAGCTTTCTT-13	Imm.M0Like.0
TGTGCGGTCGTCAACA-12	Imm.M0Like.2
AACGAAACAGTCGGAA-15	Imm.M0Like.0
ATTCATCGTAGGAAAG-16	Imm.M0Like.1
ATTCACTCATCAGCTA-14	Imm.M0Like.1
ATTACCTTCACAAGAA-15	Imm.M0Like.0
CGTTGGGTCATGGGAG-15	Imm.M0Like.2
GAGTGAGTCACTGTTT-16	Imm.PVM.0
ATGAGTCAGGGTATAT-14	Imm.M0Like.1
AAATGGACACATGGTT-12	Imm.M0Like.0
AAGTCGTGTCAAAGTA-13	Imm.M0Like.0
TACCCGTGTTAAGGGC-14	Imm.M0Like.1
ACCCTTGCACAGTATC-15	Imm.M0Like.0
GCGGAAATCTGCGTCT-14	Imm.M0Like.0
TTAGGGTTCCGTGGCA-16	Imm.M0Like.1
TTACCGCTCAGACATC-16	Imm.M0Like.1
ATTCCCGTCTCGAACA-12	Imm.M0Like.0
TACATTCAGAAGCTGC-15	Imm.M0Like.2
GCAACATTCTTCGGTC-12	Imm.M0Like.1
GGAGCAAGTATGTGTC-14	Imm.MHCII.0
ATATCCTCAACGTTAC-12	Imm.M0Like.1
TTGTTCATCGCTCTAC-15	Imm.M0Like.1
AGTTAGCGTTGGGACA-15	Imm.M0Like.2
GAAGGGTGTCGGTAAG-13	Imm.PVM.0
ATTCCATGTCCTGAAT-16	Imm.M0Like.0
CGACAGCCACCATTCC-14	Imm.DAM.0
GTTATGGCATGGAGAC-15	Imm.M0Like.0
TACGCTCTCTTACCGC-12	Imm.M0Like.0
TGCAGGCGTTGGCCTG-16	Imm.DAM.1
ACTGCAAGTCCGGTCA-14	Imm.M0Like.2
AAAGAACGTCGCACGT-12	Imm.PVM.0
CAACCTCTCGATACAC-16	Imm.M0Like.0
CCTTCAGCAGACATCT-16	Imm.M0Like.1
CGGGACTTCCTGTACC-12	Imm.M0Like.0
CGTAAGTGTCATTCCC-12	Imm.M0Like.1
CTTTCAAAGAGCAGCT-15	Imm.M0Like.0
CCCTTAGTCTATGCCC-13	Imm.M0Like.1
TGACGCGCAGAGTGAC-16	Imm.MHCII.0
ATCTTCACACTCTCGT-16	Imm.M0Like.1
TCACACCAGGTCACAG-15	Imm.MHCII.0
CACGGGTAGTACCCTA-12	Imm.Proliferative.0
CAGCACGGTCTACGTA-15	Imm.M0Like.0
TCTCCGAAGATAGGGA-16	Imm.M0Like.1
ACGCACGGTTACCGTA-12	Imm.M0Like.1
GGTGTCGAGTTGTACC-16	Imm.PVM.0
GAACTGTCAAAGGCAC-15	Imm.M0Like.0
TATTGGGCAAGAGTGC-12	Imm.M0Like.0
CCCTCTCAGCCTTCTC-14	Imm.M0Like.1
AAGAACAGTCAGTCCG-14	Imm.M0Like.2
TCAGCCTTCTTGGAAC-16	Imm.M0Like.2
CCGTGAGCACATGACT-16	Imm.M0Like.0
TCTATACGTTACGCCG-16	Imm.M0Like.1
GGTTAACGTCGCCACA-15	Imm.M0Like.0
CATCCACGTGTGCTTA-12	Imm.M0Like.0
TTCCTCTAGAGCTTTC-16	Imm.M0Like.1
GGGTTATCAGTCAGAG-15	Imm.M0Like.0
CATCGCTCAGCTTCGG-16	Imm.DAM.1
TGAATCGCAGCTACAT-14	Imm.M0Like.0
AAAGGATAGTAATTGG-16	Imm.M0Like.2
AGATCCATCTATTCGT-14	Imm.MHCII.0
TTGGGTACAGGTGTGA-16	Imm.M0Like.1
CCACTTGAGTCATGGG-14	Imm.PVM.0
GTCCCATCAATACGCT-15	Imm.M0Like.0
ACCACAAGTCTCCCTA-14	Imm.M0Like.1
ATTCGTTAGTATAGAC-14	Imm.M0Like.1
TAGACCAGTAGTGATA-14	Imm.M0Like.0
TTCTTCCAGGGTTAAT-12	Imm.M0Like.1
ATCCCTGAGGGAGGTG-15	Imm.M0Like.0
GCTGCAGTCCGGTAAT-13	Imm.M0Like.2
GACTCTCGTTTCGTTT-12	Imm.M0Like.2
TTCTGTAGTCCCGCAA-16	Imm.M0Like.2
ATCCGTCCAATAGGGC-15	Imm.M0Like.0
GTGAGCCCAGCCCAGT-16	Imm.M0Like.1
AAGGTAAGTTCGAAGG-15	Imm.M0Like.2
TCCGTGTTCCATCAGA-14	Imm.M0Like.0
AAGTGAACAATAAGGT-14	Imm.M0Like.0
GTTACCCCACAAAGTA-12	Imm.M0Like.2
TTTACTGTCACCCTCA-14	Imm.M0Like.1
CTCATTATCACTCGAA-15	Imm.M0Like.1
GGGTGAATCGAGTCCG-14	Imm.M0Like.1
TCGCTTGAGTCATCGT-14	Imm.M0Like.1
TACCGAACAAGTGGGT-15	Imm.M0Like.2
AGCCAGCGTGCCCGTA-16	Imm.PVM.0
CATACCCGTCGAGTTT-15	Imm.M0Like.0
CACCAAAGTAGCGCCT-15	Imm.M0Like.2
AGCCAGCTCCAGTACA-14	Imm.M0Like.1
GATCATGCAGAACATA-15	Imm.M0Like.2
CAGCAATAGGTCCAGA-13	Imm.M0Like.2
TACCCACCACGTACAT-14	Imm.M0Like.2
TATTTCGCAATTGTGC-13	Imm.M0Like.0
CGTGATAGTTCTAACG-15	Imm.M0Like.0
GTCTACCGTCGAGATG-14	Imm.PVM.0
AAGTGAATCCAGCCTT-14	Imm.M0Like.0
CGCCATTTCGGACCAC-12	Imm.M0Like.2
ACGTAGTGTATATGGA-14	Imm.M0Like.1
ACTGCAAGTTCTCAGA-14	Imm.M0Like.0
AGTGTTGTCTTTGCGC-12	Imm.M0Like.2
TTCCGGTGTTCTCGTC-16	Imm.M0Like.1
TCTCACGGTGGCGCTT-15	Imm.M0Like.0
TCTGCCAGTAACCAGG-16	Imm.M0Like.2
CAACCAAAGTGCTAGG-14	Imm.M0Like.0
TGTTACTCACGGTGCT-12	Imm.M0Like.2
CGTCCATTCAGACATC-16	Imm.M0Like.1
CGTTCTGTCATGAGAA-15	Imm.M0Like.0
ACTTTGTGTGTGTACT-15	Imm.M0Like.1
TTCCTTCTCAACGAGG-14	Imm.M0Like.1
TGGAACTAGCTAGCCC-12	Imm.M0Like.1
GTTACGAAGTAGATCA-14	Imm.PVM.0
TACCGAAGTATGCTTG-16	Imm.M0Like.1
GCTCAAAGTACTGTTG-14	Imm.M0Like.1
TGCTTCGCAGAACATA-14	Imm.M0Like.0
TACGGGCAGTTAACAG-16	Imm.M0Like.1
TCCCAGTCATCATCCC-14	Imm.M0Like.2
ATGGGAGAGATACTGA-14	Imm.M0Like.0
TAGGTTGTCAGGAGAC-16	Imm.M0Like.0
CAATGACGTGCATTTG-16	Imm.M0Like.1
GTAACCAGTCGTCATA-16	Imm.M0Like.1
AGACACTCAAAGGCGT-16	Imm.M0Like.0
GAGACCCAGCAATTAG-16	Imm.M0Like.1
AGGACTTTCGACTCCT-14	Imm.PVM.0
GTGAGCCGTATACAGA-12	Imm.M0Like.0
AACCTGAGTTTACCTT-15	Imm.M0Like.2
GTCATGAAGTCTGCAT-16	Imm.Interferon.0
TATTTCGTCTAAACGC-14	Imm.M0Like.2
CGAGGCTAGACGACTG-14	Imm.M0Like.2
GGTAATCAGCGACTGA-14	Imm.M0Like.1
GTAGTACAGGAGTCTG-16	Imm.M0Like.1
CACAGATGTTATTCCT-16	Imm.M0Like.1
ACTGTCCAGATAGTGT-12	Imm.M0Like.2
ACACCAAGTCTCTCAC-14	Imm.PVM.0
ACTTTGTCAGGTGGAT-16	Imm.M0Like.1
CAGCCAGTCAGCGCAC-12	Imm.M0Like.1
TCGTAGAGTACCGGAA-14	Imm.M0Like.1
TCCCATGGTGTTGAGG-14	Imm.M0Like.1
AGTACTGTCTCTTGCG-16	Imm.M0Like.1
TTGACCCCATTGTGCA-15	Imm.M0Like.0
CGCAGGTCAAGGGTCA-14	Imm.M0Like.1
TTCTAGTGTGGTCCGT-14	Imm.M0Like.2
TCTTGCGTCTTACACT-14	Imm.M0Like.1
ACGGAAGCACCATTCC-15	Imm.M0Like.0
CATAAGCGTTGCGGCT-12	Imm.M0Like.1
AAGTGAAGTAATCAAG-16	Imm.DAM.1
TACTTGTTCATGCTAG-16	Imm.M0Like.1
TGTGTGATCTCTCGCA-14	Imm.M0Like.2
ACGCACGAGCACTCCG-12	Imm.M0Like.2
TCAGCCTAGGCCCAAA-12	Imm.DAM.1
AAGAACAAGCAACCAG-16	Imm.M0Like.0
TTAATCCAGAGGTATT-16	Imm.M0Like.1
GATCCCTAGTCCTGTA-15	Imm.M0Like.0
TCGCACTTCAGTCACA-12	Imm.M0Like.1
CCCTCTCCAAGAGCTG-13	Imm.M0Like.0
CAAGAGGCATCCCACT-15	Imm.M0Like.0
ACAACCACACCAGCTG-16	Imm.M0Like.0
CTCAGAACACCGGAAA-15	Imm.M0Like.0
CTTCCGAGTTCTTCAT-12	Imm.M0Like.2
GTGTTCCTCATTGAGC-15	Imm.Proliferative.0
TACTTACAGTCCCAAT-14	Imm.M0Like.1
GTCTAGAGTCAGTCGC-14	Imm.M0Like.0
TCCGGGAAGCAAATGT-12	Imm.M0Like.0
TTCCAATAGGTTCTTG-12	Imm.M0Like.1
CCATCACTCCGTAGGC-15	Imm.M0Like.2
TGTGCGGGTAGATTGA-14	Imm.MHCII.0
CACACAAGTTGCATAC-14	Imm.M0Like.2
TCTTGCGGTACGGATG-15	Imm.PVM.0
TACTTGTTCTTACCGC-16	Imm.M0Like.2
CATCCCAAGCCAACCC-12	Imm.M0Like.0
AACGAAATCGACGAGA-13	Imm.M0Like.0
AGAGAATTCGTGCATA-12	Imm.M0Like.0
CGTAGTATCGGCTGGT-15	Imm.M0Like.0
CTACCCAGTGCCTATA-16	Imm.M0Like.2
GAGTCATAGGCATGCA-15	Imm.M0Like.0
CAATACGCAAAGTGTA-16	Imm.M0Like.1
CAAGAGGCAGACCAGA-16	Imm.M0Like.1
CTGTGAACATATACCG-14	Imm.M0Like.2
TTTACGTGTAATGCGG-12	Imm.M0Like.1
GAAGAATTCCGTATGA-16	Imm.M0Like.1
ACCAAACGTTGCTAGT-14	Imm.PVM.0
CTAACCCTCGTGCGAC-15	Imm.M0Like.2
TTTCATGAGCGCCCAT-15	Imm.M0Like.0
ACTTTCAGTACTTGTG-16	Imm.M0Like.0
CATTGTTGTGAGTCAG-14	Imm.M0Like.0
GCTACCTCAAGCTGCC-16	Imm.M0Like.1
GTAGGTTAGGTAACTA-16	Imm.M0Like.1
GCAACCGTCTTCGATT-16	Imm.PVM.0
TTGAACGAGGGCGAGA-16	Imm.M0Like.1
TCTCACGCAAGTCCCG-14	Imm.M0Like.2
GAGCTGCGTCCCTGTT-14	Imm.M0Like.2
GTCGAATAGCAAGTCG-12	Imm.M0Like.1
TCACTATCATACAGGG-16	Imm.M0Like.0
CCGATCTAGCTCCATA-12	Imm.M0Like.0
GTAATGCCACTAGAGG-14	Imm.M0Like.2
GATGACTGTTTGCAGT-14	Imm.M0Like.0
AAAGTGAAGAGTTCGG-14	Imm.M0Like.1
TGTGGCGCACTGTCGG-16	Imm.M0Like.1
CCACGAGGTGGATCGA-12	Imm.M0Like.0
CGTTAGAAGTCCTGCG-14	Imm.M0Like.1
ATTCCTAAGCTGACTT-14	Imm.PVM.0
TTGCGTCTCGCCGAGT-12	Imm.M0Like.1
TGGAGGATCATGAGGG-15	Imm.MHCII.0
AACCAACTCTTGTGCC-12	Imm.M0Like.1
ACGATGTCATCAGCGC-12	Imm.M0Like.1
TCCACGTAGTGATCGG-13	Imm.M0Like.0
TGGAGAGTCACATCAG-16	Imm.M0Like.0
GATGACTAGGTAAAGG-12	Imm.M0Like.0
GGGCTACAGAGAGCGG-15	Imm.DAM.1
GAAGCGAAGTAAAGCT-16	Imm.PVM.0
CACTGGGTCGGACGTC-15	Imm.M0Like.0
TCCAGAAAGCCATATC-12	Imm.M0Like.1
ATCGGATAGCGATTCT-16	Imm.M0Like.1
ACGTCCTCAGTCACGC-13	Imm.M0Like.0
TCGCACTGTATGCGGA-15	Imm.M0Like.2
GTGTTAGTCCCAAGTA-12	Imm.M0Like.1
ACCTACCCAGGTTCCG-14	Imm.M0Like.1
TTCGGTCCAAGTACCT-16	Imm.M0Like.1
TCCTCTTTCGCCGAGT-15	Imm.M0Like.0
GATCGTAAGTAAACTG-16	Imm.M0Like.2
TCACTCGTCTGCGGGT-15	Imm.M0Like.0
CCAAGCGCAGGTAGTG-12	Imm.M0Like.2
TCAATTCCAACCGATT-14	Imm.M0Like.2
TAATCTCTCCCATAGA-16	Imm.M0Like.1
AAGTTCGCAAGTGGCA-16	Imm.M0Like.0
TATCTTGCACTAAACC-12	Imm.DAM.1
GGTGTCGTCGATGCAT-14	Imm.M0Like.1
TCACTCGAGACCCTTA-16	Imm.M0Like.0
GCCTGTTTCGTGCATA-12	Imm.M0Like.2
GTACAGTGTTGTGCAT-14	Imm.M0Like.0
AGGACGAAGCACTCTA-14	Imm.M0Like.1
GGAATCTAGAAGCCTG-16	Imm.M0Like.1
CGTCCATTCCGGCAGT-16	Imm.M0Like.2
CCTGTTGCAAGCTACT-16	Imm.M0Like.2
CCTAAGAAGCGATGCA-14	Imm.Proliferative.0
TAACACGCACATTACG-12	Imm.M0Like.0
GCACGTGCACACTTAG-15	Imm.M0Like.0
TGCAGGCTCGGCTGGT-16	Imm.M0Like.2
TTGTTTGCAATTTCGG-12	Imm.M0Like.1
TCGTGGGAGATAGCAT-15	Imm.M0Like.0
TTAATCCTCAACACGT-15	Imm.M0Like.0
TGCGGGTCAAAGTATG-14	Imm.MHCII.0
TCGCTTGCAGCTAACT-15	Imm.M0Like.2
ATCGTCCAGTACCGGA-14	Imm.M0Like.2
CCAATTTGTAACTTCG-15	Imm.M0Like.2
ATGACCATCTATGTGG-15	Imm.M0Like.2
AGGTGTTGTTCTTAGG-16	Imm.M0Like.0
CCGTGAGCATACATCG-14	Imm.M0Like.1
TCCAGAACAGCAGATG-14	Imm.M0Like.1
TGTAACGCATAGATCC-14	Imm.PVM.0
AATGGAATCCTTATAC-14	Imm.M0Like.1
TCGAACACAGGAATAT-14	Imm.M0Like.1
TAACTTCGTCTGTCCT-14	Imm.M0Like.0
CCAATTTAGGCTCAAG-15	Imm.Interferon.0
TTGCTGCTCGTCACCT-16	Imm.M0Like.1
CCCGGAAAGTGTACAA-14	Imm.M0Like.0
AATGGCTTCGCCGATG-14	Imm.M0Like.2
CCCTCAACATCACAGT-14	Imm.M0Like.1
TGAGCATCAAATGGCG-15	Imm.M0Like.0
TTTACCAGTAAGTAGT-15	Imm.PVM.0
CTTCCGAAGCATTTGC-15	Imm.M0Like.0
TCCTCGACAGCTGAGA-15	Imm.M0Like.0
CGTAATGAGTAGACAT-12	Imm.M0Like.2
ATCCACCTCGTTATCT-14	Imm.M0Like.1
AATAGAGAGGTTATAG-14	Imm.M0Like.0
CGATGCGCATCAGTGT-15	Imm.M0Like.0
CCTGTTGTCTGAATGC-12	Imm.M0Like.2
CAGGGCTAGTTAACGA-15	Imm.M0Like.0
ACACTGACACGATTCA-14	Imm.M0Like.1
AGACACTTCGTTCAGA-16	Imm.M0Like.1
GATTCTTGTCGGCCTA-14	Imm.M0Like.0
GCCATGGGTTGAGGAC-12	Imm.M0Like.2
AGGGCCTTCATGCATG-12	Imm.M0Like.1
CATCCCAAGTTCCATG-14	Imm.M0Like.0
CCTGCATAGCGCATCC-12	Imm.M0Like.0
GCCCGAATCTGGTTGA-14	Imm.M0Like.1
TGGTACAAGGTCTTTG-14	Imm.M0Like.2
CCTACGTCAGTCGTTA-12	Imm.DAM.1
GTATTTCTCCGTGGGT-14	Imm.M0Like.1
GTAGTACGTACTAACC-15	Imm.MHCII.0
TTGTGGAAGGGTTTCT-16	Imm.M0Like.2
AATAGAGAGACGTCCC-15	Imm.M0Like.0
TAGACTGTCGAGCCAC-15	Imm.MHCII.0
CATGCTCAGCTGAGTG-14	Imm.M0Like.1
TCCCACACAATCACGT-16	Imm.M0Like.1
ACTATGGAGACATCCT-15	Imm.M0Like.0
AGTTCGACAAGGTTGG-12	Imm.M0Like.1
CAGGCCATCGGCATCG-15	Imm.M0Like.2
GGCTTTCCATCGATGT-14	Imm.M0Like.1
GCATTAGTCCAGCACG-16	Imm.M0Like.0
ATCCTATTCACTGAAC-15	Imm.M0Like.0
TTTACGTCAGCCTTCT-16	Imm.M0Like.1
GTGTGGCTCCATCCGT-15	Imm.PVM.0
TTTCATGTCACGGTCG-12	Imm.M0Like.0
AGGATAAAGCCGTTAT-16	Imm.M0Like.0
ATTTCACTCAGAACCT-12	Imm.M0Like.0
GTGATGTAGATGAATC-14	Imm.PVM.0
CTGTACCGTGCGAACA-16	Imm.M0Like.1
GGTGGCTCATTACGGT-12	Imm.M0Like.1
