Name,Term,ES,NES,NOM p-val,FDR q-val,FWER p-val,Tag %,Gene %,Lead_genes
prerank,Ribosome Homo sapiens hsa03010,-0.6762420553792732,-2.7346189466990896,0.0,0.0,0.0,75/126,15.49%,RPL37A;FAU;RPL41;RPL11;RPL13;RPL27A;RPS21;RPLP1;RPL17;RPL23;RPS24;RPL19;RPL21;RPS9;RPL6;RPS15;RPL38;RPL37;RPL4;RPSA;RPS7;RPS8;RPS3;RPL8;RPS23;RPS19;RPS11;RPL34;RPL28;RPL18A;RPL26;RPL24;RPS29;RPS14;RPL18;RPS6;RPL23A;RPS12;RPS20;RPS25;RPS18;RPL3;RPL32;RPL36;RPS27A;RPL14;RPL5;RPS2;RPL27;MRPL32;MRPL33;RPL31;RPS27;RPL29;RPLP2;RPLP0;RPL35A;MRPS14;RPL7A;RPS28;RPL7;RPS17;RPS10;RPL30;RPS4X;MRPS16;RPS27L;RSL24D1;RPS26;RPS16;MRPS5;RPS5;MRPL23;UBA52;RPL13A
prerank,Bacterial invasion of epithelial cells Homo sapiens hsa05100,-0.6081874175329303,-2.2139782027870405,0.0,0.0,0.0,39/69,21.49%,DNM3;GAB1;FN1;CAV1;ELMO1;ACTB;ACTG1;RAC1;CDH1;CBL;PTK2;ITGB1;DOCK1;CAV2;PXN;ITGA5;BCAR1;ARPC1B;ARPC3;CTNNB1;MET;DNM2;CTNNA3;ARHGEF26;RHOA;PIK3CD;CD2AP;CRK;DNM1;PIK3R5;RHOG;ARPC4;PIK3R3;ARPC5L;CTNNA1;ARPC1A;SHC3;ARHGAP10;SHC4
prerank,Retinol metabolism Homo sapiens hsa00830,0.7544211424397796,2.1519324725386064,0.0,0.0009596420476288599,0.001,3/36,0.23%,CYP26B1;ALDH1A1;ALDH1A2
prerank,"Valine, leucine and isoleucine degradation Homo sapiens hsa00280",0.6762517047620641,2.0488851903211773,0.0,0.0043183892143298696,0.008,22/45,16.54%,PCCA;ABAT;ACADSB;MCCC2;ALDH7A1;IVD;EHHADH;DBT;HSD17B10;BCKDHA;HMGCL;ACADS;ACAA2;ALDH6A1;ACAT2;BCKDHB;AUH;HIBCH;HMGCLL1;ALDH2;HMGCS2;OXCT1
prerank,Ovarian steroidogenesis Homo sapiens hsa04913,0.6362377859238835,1.9037459104910395,0.0017730496453900709,0.021112125047834916,0.055,6/42,2.52%,IGF1;BMP6;ADCY5;ADCY1;GNAS;HSD17B1
prerank,Hypertrophic cardiomyopathy (HCM) Homo sapiens hsa05410,0.5327282958905188,1.8158174910847686,0.0,0.05350004415530894,0.183,21/83,7.55%,IGF1;PRKAG2;CACNA2D3;ITGA9;TPM1;PRKAG3;DMD;LAMA2;TNNC1;TNNT2;CACNG1;SLC8A1;CACNA1D;CACNB4;CACNG7;PRKAA2;ACE;ITGA3;IL6;CACNA2D1;PRKAA1
prerank,Thyroid hormone synthesis Homo sapiens hsa04918,0.5440634966312424,1.7976558297531033,0.0,0.05431573989579347,0.23,14/66,7.40%,CREB5;ATP1A2;ADCY5;ADCY1;ITPR1;SLC5A5;ATP1B3;GNAS;DUOX2;PLCB1;LRP2;PRKCB;GNAQ;PRKCA
prerank,Leukocyte transendothelial migration Homo sapiens hsa04670,-0.4415062066905052,-1.761925917607151,0.0,0.06004023911879225,0.152,23/108,6.29%,PECAM1;ACTB;CLDN5;ESAM;RAP1A;ACTG1;ACTN4;OCLN;MSN;JAM2;RAC1;CLDN11;PTK2;ITGB1;PLCG2;F11R;PTK2B;ACTN1;PXN;BCAR1;ITGA4;CTNNB1;GNAI1
prerank,Epithelial cell signaling in Helicobacter pylori infection Homo sapiens hsa05120,-0.4901647049505614,-1.7558715584744167,0.005037783375314861,0.049268313865126576,0.164,31/64,25.10%,JAM2;ADAM10;RAC1;PLCG2;F11R;NFKBIA;NOD1;IKBKB;ATP6V0A1;MET;CSK;TJP1;JUN;PAK1;MAPK8;ATP6V1A;ATP6V0C;CHUK;GIT1;TCIRG1;ATP6V1E1;IGSF5;ATP6V0A4;ATP6V0A2;JAM3;ATP6V0D2;MAPK11;RELA;MAPK10;ATP6V0E2;ATP6V1B2
prerank,Dilated cardiomyopathy Homo sapiens hsa05414,0.5006219209049786,1.7207298703405758,0.009852216748768473,0.1191555542472501,0.47,17/88,5.54%,IGF1;CACNA2D3;ADCY5;ADCY1;ITGA9;TPM1;DMD;LAMA2;TNNC1;GNAS;TNNT2;CACNG1;SLC8A1;CACNA1D;CACNB4;CACNG7;ITGA3
prerank,Adrenergic signaling in cardiomyocytes Homo sapiens hsa04261,0.4726713937839041,1.7134197785222423,0.0015015015015015015,0.11172975268821725,0.502,25/143,7.58%,CREB5;SCN7A;CACNA2D3;ATP1A2;ADCY5;ADCY1;PPP2R2B;TPM1;PPP1R1A;BCL2;ATP1B3;TNNC1;GNAS;TNNT2;PLCB1;CACNG1;SLC8A1;CACNA1D;CACNB4;CACNG7;GNAQ;ADRA1D;CACNA2D1;PRKCA;RAPGEF4
prerank,Propanoate metabolism Homo sapiens hsa00640,0.6113924750060732,1.7078397239823055,0.013059701492537313,0.10508080421536016,0.526,11/30,11.02%,ACSS3;PCCA;ABAT;SUCLG2;EHHADH;DBT;BCKDHA;ECHDC1;ALDH6A1;ACAT2;BCKDHB
prerank,beta-Alanine metabolism Homo sapiens hsa00410,0.5989583810716474,1.685078673569625,0.01206896551724138,0.11952874837688354,0.602,7/31,9.43%,DPYD;ABAT;UPB1;ALDH7A1;EHHADH;DPYS;ALDH6A1
prerank,Neurotrophin signaling pathway Homo sapiens hsa04722,-0.419873441713145,-1.6771231905809092,0.0,0.10616526987711147,0.364,49/114,23.79%,GAB1;NTRK3;MAP3K5;RAP1A;KRAS;RPS6KA5;RAC1;CALM1;PLCG2;NGF;NFKBIA;ARHGDIB;NRAS;IKBKB;ARHGDIA;GSK3B;JUN;MAGED1;RHOA;MAPK8;MAP3K1;PIK3CD;MAP2K7;ATF4;CRK;RPS6KA1;MAP3K3;IRAK3;PIK3R5;CAMK2B;CALM2;CAMK4;RAF1;MAP2K2;PIK3R3;IRAK1;SH2B3;PSEN1;PRKCD;AKT1;SHC3;MAPK3;SHC4;MAPK11;RELA;CALM3;MAPK10;KIDINS220;BAX
prerank,Ascorbate and aldarate metabolism Homo sapiens hsa00053,0.7137730408428375,1.6726191478162942,0.021400778210116732,0.12350593152983427,0.649,3/14,16.06%,ALDH7A1;UGDH;ALDH2
prerank,Fatty acid degradation Homo sapiens hsa00071,0.5680110421997296,1.6561602190222298,0.01048951048951049,0.13251784275893075,0.703,13/38,13.77%,ACADSB;ACSL1;ALDH7A1;EHHADH;ACADL;ECI2;CPT2;ACADS;ACAA2;GCDH;ACAT2;CPT1C;ACOX1
prerank,Pentose and glucuronate interconversions Homo sapiens hsa00040,0.6361823328601813,1.655862206602493,0.024253731343283583,0.12171459970759371,0.704,8/23,16.06%,CRYL1;KL;SORD;RPE;UGDH;AKR1B1;DHDH;ALDH2
prerank,Longevity regulating pathway - multiple species Homo sapiens hsa04213,0.5042656119009259,1.6502955130589672,0.0051813471502590676,0.1179621532393014,0.715,14/61,12.27%,IGF1;PRKAG2;ADCY5;ADCY1;PRKAG3;PRKAA2;IGF1R;PRKAA1;HSPA1L;HDAC1;PIK3R1;RPS6KB1;AKT1S1;PRKAG1
prerank,Circadian rhythm Homo sapiens hsa04710,0.5902883157178652,1.6380652472904804,0.02033271719038817,0.12242290693322455,0.751,10/29,13.72%,PRKAG2;RORA;PRKAG3;PRKAA2;PRKAA1;PER3;NPAS2;CRY1;PRKAG1;CLOCK
prerank,Longevity regulating pathway - mammal Homo sapiens hsa04211,0.46925487332565374,1.5987829737151407,0.004934210526315789,0.16422674241755222,0.868,11/91,5.40%,IGF1;CREB5;PRKAG2;ADCY5;ADCY1;PRKAG3;KL;EIF4EBP1;SESN1;PRKAA2;IGF1R
prerank,"Alanine, aspartate and glutamate metabolism Homo sapiens hsa00250",0.5566148072578725,1.5790479301397846,0.023722627737226276,0.182152056165553,0.913,7/32,8.78%,DDO;ALDH4A1;ABAT;ADSL;ASL;GFPT2;RIMKLB
prerank,Mineral absorption Homo sapiens hsa04978,-0.4495448666183218,-1.5747197541534064,0.0069605568445475635,0.2359228219491366,0.711,21/50,11.79%,FTH1;ATP1A1;FTL;MT1B;MT1G;MT1E;MT1A;MT1H;MT1M;MT1X;MT1F;ATOX1;ATP1B1;SLC40A1;SLC31A1;MT2A;HMOX2;SLC30A1;ATP1A3;SLC26A6;ATP2B1
prerank,Alzheimer's disease Homo sapiens hsa05010,-0.3735099298635769,-1.5495933590983582,0.0,0.25534760519345173,0.784,51/143,19.30%,ITPR2;ADAM10;CALM1;PLCB4;COX4I1;COX6C;CAPN2;GSK3B;NDUFC2;ATP2A2;ATP2A3;GAPDH;APBB1;NDUFA7;APP;NDUFA5;NDUFA6;NDUFB5;NDUFA12;PLCB3;NDUFV1;NDUFA4;NDUFB7;UQCRH;GRIN1;CACNA1C;COX6A1;NOS1;NDUFA13;COX7C;NDUFS1;UQCR11;NDUFB11;IDE;PPP3CA;ITPR3;FAS;COX8A;NDUFB10;CASP8;CALM2;COX5A;NDUFA1;UQCRQ;NDUFB4;NDUFS7;UQCRC2;UQCRC1;CDK5;PSEN1;PPP3R1
prerank,VEGF signaling pathway Homo sapiens hsa04370,-0.4325727407773714,-1.5294845881447496,0.004796163069544364,0.2659429415085327,0.831,27/60,25.17%,NOS3;KRAS;KDR;RAC1;PTK2;PLCG2;PXN;HSPB1;NRAS;NFATC2;VEGFA;PTGS2;PIK3CD;PIK3R5;PPP3CA;PLA2G4A;RAF1;MAP2K2;PRKCG;PIK3R3;PPP3R1;AKT1;MAPK3;MAPK11;PLA2G4F;SPHK2;HRAS
prerank,Butanoate metabolism Homo sapiens hsa00650,0.558950891349597,1.5225274073791186,0.05313092979127135,0.26728853503074423,0.967,15/26,23.83%,ABAT;EHHADH;HMGCL;BDH1;ACADS;ACAT2;BDH2;HMGCLL1;HMGCS2;OXCT1;GAD2;AACS;ACAT1;HADHA;HADH
prerank,Vibrio cholerae infection Homo sapiens hsa05110,-0.45001243338091806,-1.5151597320112862,0.021897810218978103,0.2728887730928636,0.878,18/47,18.32%,SLC12A2;ACTB;ACTG1;TJP2;PLCG2;ATP6V0A1;ARF1;KCNQ1;TJP1;ADCY3;ATP6V1A;ATP6V0C;TCIRG1;ATP6V1E1;SEC61G;CFTR;ATP6V0A4;ATP6V0A2
prerank,Oxidative phosphorylation Homo sapiens hsa00190,-0.38518898370935084,-1.5088318387242559,0.005555555555555556,0.260751226714143,0.895,35/99,18.32%,COX4I1;COX6C;ATP6V0A1;NDUFC2;NDUFA7;NDUFA5;NDUFA6;NDUFB5;NDUFA12;NDUFV1;NDUFA4;NDUFB7;ATP6V1A;ATP6V0C;UQCRH;COX6A1;NDUFA13;COX7C;NDUFS1;UQCR11;TCIRG1;NDUFB11;ATP6V1E1;COX8A;NDUFB10;COX5A;NDUFA1;UQCRQ;ATP6V0A4;NDUFB4;COX11;NDUFS7;UQCRC2;UQCRC1;ATP6V0A2
prerank,Antigen processing and presentation Homo sapiens hsa04612,-0.442180184331824,-1.5067923573923636,0.01978021978021978,0.24138102550539042,0.899,17/43,23.48%,B2M;HSPA8;HSP90AA1;HSP90AB1;LGMN;CALR;CTSB;RFXANK;HSPA5;PSME3;CD74;CANX;PSME1;TAPBP;CTSL;CIITA;HSPA1B
prerank,B cell receptor signaling pathway Homo sapiens hsa04662,-0.4080777852522289,-1.5046279900815156,0.014634146341463415,0.22462112987971686,0.903,29/72,23.41%,RASGRP3;KRAS;RAC1;PLCG2;INPP5D;NFKBIA;NRAS;IKBKB;NFATC2;NFATC1;GSK3B;JUN;PIK3CD;CHUK;PIK3R5;PPP3CA;CD81;PIK3AP1;INPPL1;CR2;RAF1;MAP2K2;PIK3R3;PPP3R1;NFATC3;AKT1;MAPK3;FCGR2B;RELA
prerank,Cardiac muscle contraction Homo sapiens hsa04260,0.4511468541076547,1.4785747746940625,0.03542673107890499,0.34749704813582827,0.988,13/72,7.64%,CACNA2D3;ATP1A2;TPM1;ATP1B3;TNNC1;TNNT2;CACNG1;SLC8A1;CACNA1D;CACNB4;CACNG7;CACNA2D1;COX6A2
prerank,Aldosterone-regulated sodium reabsorption Homo sapiens hsa04960,0.5135854882529655,1.4781443865074466,0.03963963963963964,0.33041990924147374,0.988,6/37,7.40%,IGF1;ATP1A2;PDPK1;ATP1B3;PRKCB;PRKCA
prerank,Adherens junction Homo sapiens hsa04520,-0.4033014820829481,-1.4701992246771876,0.02849740932642487,0.27230014329758134,0.947,19/68,9.24%,PTPRB;LEF1;PTPRJ;ACTB;PTPRM;ACTG1;ACTN4;RAC1;IQGAP1;CDH1;LMO7;FYN;ACTN1;TGFBR2;CTNNB1;MET;TJP1;CTNNA3;RHOA
prerank,Lysine degradation Homo sapiens hsa00310,0.48365414707040977,1.465975712141076,0.038461538461538464,0.341728533160637,0.993,16/47,13.41%,KMT2A;AASS;ALDH7A1;EHHADH;SETD7;SETD1A;CAMKMT;ASH1L;BBOX1;TMLHE;GCDH;NSD1;ACAT2;KMT2B;PIPOX;AADAT
prerank,Pathogenic Escherichia coli infection Homo sapiens hsa05130,-0.4284989828858582,-1.4649645841014118,0.033734939759036145,0.2627643406140084,0.949,23/51,19.65%,ACTB;ACTG1;OCLN;CDH1;ITGB1;FYN;ARPC1B;NCK1;TUBB3;ARPC3;CTNNB1;RHOA;NCK2;TUBB4B;TUBA1B;ARHGEF2;TUBB2A;TUBA1A;TUBB4A;YWHAQ;ARPC4;ARPC5L;ARPC1A
prerank,Chronic myeloid leukemia Homo sapiens hsa05220,-0.39510083266257995,-1.4623951622603624,0.026954177897574125,0.2508269283656839,0.951,30/73,23.41%,MECOM;KRAS;TGFB2;RUNX1;CBL;NFKBIA;NRAS;TGFBR2;IKBKB;TGFB1;BCL2L1;BCR;CDK6;PIK3CD;CDKN1B;CHUK;CRK;PIK3R5;E2F3;RAF1;CTBP1;MAP2K2;PIK3R3;AKT1;SHC3;MAPK3;SHC4;CDKN1A;TGFB3;RELA
prerank,AMPK signaling pathway Homo sapiens hsa04152,0.40955122286149914,1.4616128163778237,0.02900763358778626,0.335234955305015,0.993,10/119,5.40%,IGF1;CREB5;PRKAG2;LEPR;PPP2R2B;PRKAG3;PDPK1;EIF4EBP1;PRKAA2;IGF1R
prerank,Protein processing in endoplasmic reticulum Homo sapiens hsa04141,-0.34988724853803826,-1.4590676023428897,0.0031847133757961785,0.24130878457596944,0.958,65/156,25.95%,MAP3K5;HSPA8;HSP90AA1;HSP90AB1;ATXN3;DNAJA1;EDEM3;STT3B;CKAP4;CALR;PDIA6;CAPN2;HSP90B1;BAG1;CRYAB;DERL1;SIL1;MAPK8;DNAJC1;RBX1;UBXN6;XBP1;HSPA5;LMAN2;MAP2K7;ATF4;RPN1;NSFL1C;UBQLN4;RRBP1;CANX;DNAJB11;HERPUD1;SEC62;SVIP;ERLEC1;DNAJC5B;SEC23A;CUL1;SSR4;SEC61G;MAN1A2;BCAP31;UBE2G1;DNAJC10;WFS1;DNAJB1;UBE2D1;PREB;RNF5;DDOST;SKP1;VCP;MBTPS1;DNAJA2;PLAA;HSPA1B;MAPK10;BAX;PPP1R15A;UBE2J1;SSR1;SEC63;YOD1;ERN1
prerank,Prostate cancer Homo sapiens hsa05215,0.42520274208371184,1.4516244702719432,0.0272,0.3426794511896511,0.994,21/87,12.50%,IGF1;CREB5;TCF7L2;FGFR2;PDPK1;BCL2;PDGFRB;ARAF;PDGFRA;SOS2;PDGFD;IGF1R;TCF7L1;PTEN;MDM2;CREB3L2;PIK3R1;ERBB2;TGFA;CCNE1;AR
prerank,Pantothenate and CoA biosynthesis Homo sapiens hsa00770,0.5860138871701541,1.4514879563818897,0.08235294117647059,0.32803068601991725,0.994,4/17,11.45%,DPYD;UPB1;DPYS;ENPP3
prerank,Glucagon signaling pathway Homo sapiens hsa04922,0.42891435698036595,1.4503096760768897,0.03934426229508197,0.31704174148538455,0.994,13/91,7.55%,CREB5;PRKAG2;ITPR1;PPARA;PRKAG3;PHKB;GNAS;PLCB1;SIK1;PRKAA2;GNAQ;GYS1;PRKAA1
prerank,Viral myocarditis Homo sapiens hsa05416,-0.44800044540044404,-1.4498038579460626,0.041189931350114416,0.24225924856893996,0.966,10/38,9.74%,CAV1;ACTB;SGCD;ACTG1;RAC1;FYN;CD55;CXADR;EIF4G3;EIF4G1
prerank,Insulin secretion Homo sapiens hsa04911,0.4249243219332755,1.44811472863958,0.03355704697986577,0.309542138883165,0.994,16/81,10.73%,CREB5;ATP1A2;ADCY5;ADCY1;ATP1B3;GNAS;PLCB1;CACNA1D;PRKCB;GNAQ;PRKCA;RAPGEF4;CAMK2D;GLP1R;CREB3L2;KCNU1
prerank,Inflammatory bowel disease (IBD) Homo sapiens hsa05321,0.46282277233004565,1.4400508141901591,0.06082289803220036,0.31361840302701627,0.994,5/49,7.08%,RORA;MAF;IL18;IL6;SMAD3
prerank,Gastric acid secretion Homo sapiens hsa04971,0.4367533225931738,1.4362818565578437,0.04390243902439024,0.31003546598024245,0.995,13/70,7.40%,ATP1A2;KCNK2;ADCY5;ADCY1;ITPR1;ATP1B3;MYLK;GNAS;PLCB1;SSTR2;PRKCB;GNAQ;PRKCA
prerank,Protein digestion and absorption Homo sapiens hsa04974,0.42423822043806025,1.4133326130168034,0.06359300476947535,0.34571104765829674,1.0,10/79,4.43%,COL22A1;ATP1A2;COL4A5;SLC8A3;COL4A6;ATP1B3;COL9A2;SLC8A1;COL1A2;COL13A1
prerank,Endocrine and other factor-regulated calcium reabsorption Homo sapiens hsa04961,0.4647917300411506,1.4101190838493831,0.06108202443280977,0.34027583364715747,1.0,11/45,7.40%,ATP1A2;BDKRB2;KLK2;ATP1B3;GNAS;PLCB1;SLC8A1;KL;PRKCB;GNAQ;PRKCA
prerank,Hematopoietic cell lineage Homo sapiens hsa04640,-0.3784879763796038,-1.403705465773464,0.03258145363408521,0.32062664949025627,0.991,11/70,6.52%,KITLG;ITGA6;TFRC;CD34;CD9;CD55;ITGA5;CD38;CD44;ITGA4;IL1R1
prerank,Insulin resistance Homo sapiens hsa04931,0.4013277812797339,1.4029871284946818,0.04272151898734177,0.3438397456654205,1.0,20/105,10.77%,CREB5;PRKAG2;PPARA;PRKAG3;PDPK1;PPARGC1B;MAPK9;PRKAA2;PRKCZ;PRKCB;IL6;GYS1;PTEN;PRKAA1;GFPT2;TBC1D4;SLC27A1;CREB3L2;PIK3R1;RPS6KB1
prerank,Collecting duct acid secretion Homo sapiens hsa04966,-0.4788729326423362,-1.3883456090001283,0.07855626326963906,0.33916229193853975,0.995,12/25,25.10%,SLC12A7;ATP6V0A1;ATP6V1A;ATP6V0C;CA2;TCIRG1;ATP6V1E1;ATP6V0A4;ATP6V0A2;ATP6V0D2;ATP6V0E2;ATP6V1B2
prerank,Sphingolipid metabolism Homo sapiens hsa00600,-0.421186298775635,-1.385270859397672,0.056433408577878104,0.32967388944374487,0.996,10/41,9.70%,SGMS1;SGMS2;ACER3;ACER2;SPTLC2;DEGS2;KDSR;SMPD4;SGPL1;CERK
prerank,Phosphatidylinositol signaling system Homo sapiens hsa04070,-0.3640249976970084,-1.3822411578723917,0.037333333333333336,0.31967643282072916,0.996,29/91,15.59%,PIP5K1B;DGKH;ITPR2;CALM1;PLCG2;PLCB4;INPP5D;INPP4A;SYNJ1;DGKB;PIK3C2B;DGKI;CDS1;CDIPT;PLCB3;PIK3CD;PIK3C2A;MTM1;DGKZ;MTMR6;DGKG;PIK3R5;PIK3C3;INPPL1;ITPR3;PIP5K1C;ITPKB;PI4KB;CALM2
prerank,Progesterone-mediated oocyte maturation Homo sapiens hsa04914,0.41010028837087437,1.379917581356148,0.06091370558375635,0.3854355850008689,1.0,9/84,5.40%,IGF1;ADCY5;ADCY1;ARAF;CPEB2;MAPK9;ANAPC13;CPEB4;IGF1R
prerank,Carbohydrate digestion and absorption Homo sapiens hsa04973,0.46606964806532575,1.3783332077439443,0.09009009009009009,0.37689941420623474,1.0,6/41,5.87%,ATP1A2;HK2;ATP1B3;MGAM;CACNA1D;PRKCB
prerank,Regulation of actin cytoskeleton Homo sapiens hsa04810,-0.3152953030183822,-1.3783067158604745,0.006920415224913495,0.3135256336871691,0.996,73/207,20.80%,FN1;PIP5K1B;TMSB4X;ACTB;ACTG1;ACTN4;ITGA6;TIAM1;MSN;KRAS;RAC1;IQGAP1;GSN;PTK2;ITGB1;ITGB4;ITGB8;DOCK1;ARHGEF12;NCKAP1;ACTN1;PXN;ITGA5;LIMK2;NRAS;BCAR1;ARPC1B;ARHGEF6;ARPC3;ITGA4;CHRM3;GNA12;MRAS;MYH9;PDGFC;PAK1;GNG12;SSH2;FGF7;RHOA;SSH1;PAK2;APC;PIK3CD;PPP1CA;CRK;ITGA8;GIT1;MYL12A;PIK3R5;ITGA7;PIP5K1C;FGF14;DIAPH3;RAF1;APC2;RRAS;PPP1R12C;MAP2K2;ARPC4;PPP1CB;CFL2;PIK3R3;GNA13;ARPC5L;PIP4K2A;ARPC1A;CYFIP2;PPP1CC;CFL1;ITGA11;MYH14;NCKAP1L
prerank,Type I diabetes mellitus Homo sapiens hsa04940,-0.47407107732086395,-1.3708331294320228,0.1013215859030837,0.3160174222671981,0.996,5/22,14.97%,ICA1;PTPRN2;HSPD1;GAD1;FAS
prerank,Renal cell carcinoma Homo sapiens hsa05211,-0.3792568722536358,-1.367021261276321,0.057692307692307696,0.31048750126651903,0.997,20/62,13.02%,GAB1;SLC2A1;RAP1A;KRAS;RAC1;TGFB2;ETS1;NRAS;TGFB1;MET;EGLN3;VEGFA;JUN;PAK1;PAK2;RBX1;PIK3CD;CRK;EGLN2;PIK3R5
prerank,Proximal tubule bicarbonate reclamation Homo sapiens hsa04964,0.5375138084989661,1.358594448568193,0.13068181818181818,0.41645556860887584,1.0,3/22,2.26%,ATP1A2;SLC38A3;ATP1B3
prerank,Pertussis Homo sapiens hsa05133,-0.3731057274153803,-1.3579959083550939,0.06766917293233082,0.31697008120196274,0.998,26/66,23.57%,CALM1;ITGB1;SFTPA2;SFTPA1;NOD1;ITGA5;GNAI1;C1QB;JUN;RHOA;MAPK8;C1QA;C1QC;CALM2;CFL2;IRAK1;TIRAP;MYD88;CFL1;MAPK3;C3;CASP1;MAPK11;RELA;CALM3;MAPK10
prerank,Fc gamma R-mediated phagocytosis Homo sapiens hsa04666,-0.3534482116171649,-1.355682021510024,0.051351351351351354,0.31007659239019697,0.999,35/88,20.26%,PIP5K1B;MYO10;RAC1;ASAP2;GSN;PLCG2;INPP5D;LIMK2;ARPC1B;ARPC3;DOCK2;PTPRC;MARCKS;DNM2;PAK1;AMPH;PIK3CD;CRK;BIN1;PIK3R5;INPPL1;PIP5K1C;MARCKSL1;PLA2G4A;RAF1;PRKCE;ARPC4;PRKCG;CFL2;PIK3R3;ARPC5L;ARPC1A;PRKCD;CFL1;AKT1
prerank,ECM-receptor interaction Homo sapiens hsa04512,-0.35623370030596274,-1.3540601083224397,0.05612244897959184,0.302202536897921,0.999,23/81,6.40%,VWF;FN1;COL6A3;ITGA6;COL4A1;THBS1;ITGB1;AGRN;ITGB4;ITGB8;LAMA1;TNR;COL6A2;COL6A1;TNXB;ITGA5;LAMA5;SPP1;LAMB2;CD44;ITGA4;LAMA3;COL6A6
prerank,Cell adhesion molecules (CAMs) Homo sapiens hsa04514,-0.34181957747525654,-1.3532257916367405,0.033426183844011144,0.2932637730067058,1.0,20/108,6.03%,PECAM1;CLDN5;PTPRM;ESAM;CADM1;OCLN;ITGA6;MPZL1;CD34;JAM2;CDH1;CLDN11;ITGB1;ITGB8;CDH2;F11R;SDC3;NRCAM;ITGA4;PTPRC
prerank,Porphyrin and chlorophyll metabolism Homo sapiens hsa00860,0.48908692706115536,1.3531777065327788,0.11775362318840579,0.41733139165412714,1.0,2/29,0.95%,CP;HEPH
prerank,Mucin type O-Glycan biosynthesis Homo sapiens hsa00512,0.4856492076587412,1.3494919813272406,0.1063063063063063,0.41412667106818,1.0,4/29,1.58%,GALNT15;GALNTL5;GALNT14;GALNT18
prerank,Aldosterone synthesis and secretion Homo sapiens hsa04925,0.39789448942248196,1.3467687191969078,0.07961783439490445,0.4094472736549802,1.0,15/76,10.63%,CREB5;ADCY5;ADCY1;ITPR1;CAMK1D;GNAS;PLCB1;CACNA1D;PRKCB;GNAQ;PRKCA;DAGLB;CAMK2D;CREB3L2;NPR1
prerank,Shigellosis Homo sapiens hsa05131,-0.3792845890337032,-1.3465280906521533,0.07253886010362694,0.2972905227441861,1.0,16/62,10.85%,ELMO1;ACTB;ACTG1;RAC1;ITGB1;DOCK1;NFKBIA;NOD1;ITGA5;ARPC1B;IKBKB;ARPC3;CD44;MAPK8;CHUK;CRK
prerank,Prolactin signaling pathway Homo sapiens hsa04917,-0.3656770409150504,-1.3453541068842625,0.048223350253807105,0.28953522370344636,1.0,27/67,25.17%,ESR1;KRAS;SOCS2;NRAS;SOCS5;GSK3B;TNFRSF11A;MAPK8;PIK3CD;STAT3;PIK3R5;CISH;RAF1;MAP2K2;PIK3R3;AKT1;SHC3;MAPK3;SHC4;GALT;ESR2;MAPK11;RELA;MAPK10;SOCS1;STAT1;HRAS
prerank,mTOR signaling pathway Homo sapiens hsa04150,0.42773855912250613,1.3387465097476834,0.08972267536704731,0.41731460936076636,1.0,13/58,11.36%,IGF1;PDPK1;EIF4EBP1;RICTOR;PRKAA2;PRKCB;PRKCA;PTEN;PRKAA1;MLST8;PIK3R1;RPS6KB1;AKT1S1
prerank,Phagosome Homo sapiens hsa04145,-0.3271617131404869,-1.3370488068573765,0.034482758620689655,0.295883311224697,1.0,46/119,25.20%,ACTB;ACTG1;TFRC;THBS1;RAC1;SCARB1;ITGB1;SFTPA2;SFTPA1;STX7;ITGA5;ATP6V0A1;CALR;TUBB3;LAMP1;STX12;ATP6V1A;ATP6V0C;TUBB4B;TUBA1B;NOS1;HGS;TCIRG1;ATP6V1E1;CANX;PIK3C3;TUBB2A;TUBA1A;MRC1;SEC61G;CYBB;M6PR;ATP6V0A4;TUBB4A;ATP6V0A2;CTSL;ATP6V0D2;C3;FCGR2B;RAB7A;THBS4;ATP6V0E2;RAB7B;TUBB2B;ATP6V1B2;RAB5B
prerank,Oxytocin signaling pathway Homo sapiens hsa04921,0.3606218497653787,1.3209636266864464,0.06042296072507553,0.4504509264093678,1.0,22/150,7.55%,PRKAG2;CACNA2D3;ROCK2;ADCY5;ADCY1;ITPR1;PRKAG3;CAMK1D;MYLK;GNAS;PLCB1;CACNG1;CACNA1D;CACNB4;CACNG7;PRKAA2;NPR2;PRKCB;GNAQ;CACNA2D1;PRKCA;PRKAA1
prerank,Glycosphingolipid biosynthesis - ganglio series Homo sapiens hsa00604,-0.5123836056770523,-1.3114952791070142,0.15631691648822268,0.3382230014329758,1.0,5/15,8.91%,ST6GALNAC3;ST6GALNAC5;ST8SIA1;HEXB;HEXA
prerank,Starch and sucrose metabolism Homo sapiens hsa00500,0.44016995289986166,1.3082743299856108,0.12811387900355872,0.4721684936397485,1.0,8/39,14.13%,HK2;KL;MGAM;GYS1;GANC;ENPP3;UGDH;GPI
prerank,Glyoxylate and dicarboxylate metabolism Homo sapiens hsa00630,0.47979089410504744,1.307765091387511,0.1533980582524272,0.4616597980630538,1.0,6/26,14.72%,PCCA;HOGA1;ACAT2;CS;SHMT1;ACO2
prerank,MAPK signaling pathway Homo sapiens hsa04010,-0.29315082784031427,-1.3057250471291153,0.011320754716981131,0.3395965824382169,1.0,86/248,24.07%,MECOM;MEF2C;MAP3K5;RAP1A;RASGRP3;HSPA8;KRAS;RPS6KA5;RAC1;TGFB2;DUSP16;NGF;RASGRF2;FLNA;HSPB1;NRAS;TGFBR2;IKBKB;TGFB1;CACNA1G;NFATC1;ARRB1;IL1R1;GNA12;CACNA1E;MRAS;JUN;PAK1;NR4A1;CACNG3;GNG12;FGF7;MAPK8;PAK2;MAP3K1;CHUK;CACNA1H;MAP2K7;CACNA1C;ATF4;DUSP8;CRK;RPS6KA1;DUSP3;MAP3K3;MAP3K12;CACNB2;GADD45G;PPP3CA;MAP3K8;STMN1;CACNG2;NF1;FGF14;FAS;PLA2G4A;CACNA1I;RAF1;RPS6KA4;CACNA1B;DUSP1;CACNA2D2;RRAS;MAP2K2;PPM1A;PRKCG;CACNB3;PPP3R1;ARRB2;NFATC3;AKT1;MAP3K6;MKNK2;GADD45A;MAPK3;MAPK11;TGFB3;MAPK8IP2;NFKB2;RELA;HSPA1B;MAPK10;GADD45B;PTPN5;DUSP6;FGFR3
prerank,Synaptic vesicle cycle Homo sapiens hsa04721,-0.3682917985398603,-1.303966081531218,0.09615384615384616,0.33300518783222177,1.0,28/60,25.10%,DNM3;UNC13B;NSF;STX3;AP2A2;STX1A;ATP6V0A1;SLC17A6;DNM2;AP2M1;ATP6V1A;ATP6V0C;DNM1;TCIRG1;CPLX2;ATP6V1E1;SNAP25;STX2;CACNA1B;ATP6V0A4;ATP6V0A2;AP2B1;ATP6V0D2;AP2A1;RAB3A;ATP6V0E2;CPLX1;ATP6V1B2
prerank,Natural killer cell mediated cytotoxicity Homo sapiens hsa04650,-0.3402362506304569,-1.2971944525097958,0.07837837837837838,0.3370830567669336,1.0,27/90,21.49%,KRAS;RAC1;PLCG2;FYN;PTK2B;TNFSF10;NRAS;NFATC2;NFATC1;PAK1;PIK3CD;ICAM2;PIK3R5;PPP3CA;IFNGR1;FAS;ULBP1;RAF1;MAP2K2;PRKCG;PIK3R3;TNFRSF10B;PPP3R1;TYROBP;SHC3;MAPK3;SHC4
prerank,Inflammatory mediator regulation of TRP channels Homo sapiens hsa04750,0.37799765695009074,1.2889878497760927,0.10509554140127389,0.5005352485010529,1.0,12/92,7.40%,IGF1;ADCY5;ADCY1;ITPR1;BDKRB2;GNAS;PLCB1;MAP2K6;MAPK9;PRKCB;GNAQ;PRKCA
prerank,Phenylalanine metabolism Homo sapiens hsa00360,-0.4802852397744375,-1.288733422762139,0.16326530612244897,0.3446721766275373,1.0,4/16,16.76%,MAOA;DDC;AOC3;MIF
prerank,Pancreatic secretion Homo sapiens hsa04972,0.3848121774334531,1.2864582072183923,0.10945273631840796,0.4953580855379448,1.0,9/85,2.84%,ATP1A2;ADCY5;ADCY1;ITPR1;CEL;ATP1B3;GNAS;PLA2G10;PLCB1
prerank,Focal adhesion Homo sapiens hsa04510,-0.3014383897004233,-1.2823456671530298,0.04929577464788732,0.34921655773625027,1.0,55/197,10.97%,VWF;FN1;CAV1;ACTB;COL6A3;RAP1A;ACTG1;ACTN4;ITGA6;PARVB;COL4A1;KDR;THBS1;RAC1;PTK2;ITGB1;ITGB4;ITGB8;DOCK1;LAMA1;TNR;COL6A2;FYN;CAV2;COL6A1;FLNA;ACTN1;PXN;TNXB;ITGA5;BCAR1;LAMA5;SPP1;LAMB2;ITGA4;CAPN2;CTNNB1;LAMA3;COL6A6;GSK3B;MET;PDGFC;FLT4;VEGFA;BIRC3;JUN;PAK1;RHOA;MAPK8;PAK2;PIK3CD;PPP1CA;RELN;CRK;ITGA8
prerank,Osteoclast differentiation Homo sapiens hsa04380,-0.3166452590580561,-1.2790340337121548,0.05475504322766571,0.3459098482234071,1.0,41/118,24.36%,RAC1;TGFB2;TNFRSF11B;PLCG2;FYN;NFKBIA;TGFBR2;IKBKB;TGFB1;NFATC2;NFATC1;IL1R1;TNFRSF11A;JUN;FOSL2;MAPK8;PIK3CD;CHUK;MAP2K7;JUNB;PIK3R5;PPP3CA;IFNGR1;CSF1R;CYBB;CAMK4;PIK3R3;SPI1;PPP3R1;TYROBP;JAK1;AKT1;MAPK3;MAPK11;IFNAR1;FCGR2B;NFKB2;RELA;MAPK10;SOCS1;STAT1
prerank,Tight junction Homo sapiens hsa04530,-0.315234876154165,-1.2786396346799378,0.07102272727272728,0.33766521810292704,1.0,26/126,8.16%,PRKCH;ACTB;CLDN5;EPB41;ACTG1;ACTN4;OCLN;TJP2;SHROOM4;JAM2;KRAS;CLDN11;F11R;EXOC4;MAGI3;ACTN1;NRAS;MYH11;YBX3;CTNNB1;GNAI1;MRAS;MYH9;TJP1;CTNNA3;SHROOM1
prerank,African trypanosomiasis Homo sapiens hsa05143,0.46883577369133234,1.2776401906945136,0.17782026768642448,0.5072266153141566,1.0,6/30,7.40%,IL18;PLCB1;PRKCB;GNAQ;IL6;PRKCA
prerank,Adipocytokine signaling pathway Homo sapiens hsa04920,0.39083344659821545,1.272681524976192,0.15,0.5079996039402592,1.0,7/68,5.20%,PRKAG2;LEPR;PPARA;PRKAG3;ACSL1;MAPK9;PRKAA2
prerank,Proteoglycans in cancer Homo sapiens hsa05205,-0.29626426731173544,-1.26608866017048,0.040293040293040296,0.3549702548960007,1.0,47/197,10.61%,GAB1;FN1;CAV1;ACTB;ACTG1;ITPR2;TIAM1;ESR1;MSN;KRAS;KDR;THBS1;RAC1;TGFB2;IQGAP1;CBL;PTK2;ITGB1;PLCG2;WNT9A;CAV2;ARHGEF12;FZD4;FLNA;RPS6;PXN;ITGA5;NRAS;TGFB1;FZD6;LUM;CD44;CTNNB1;MET;MRAS;PTCH1;PDCD4;VEGFA;MTOR;WNT16;PAK1;CD63;DDX5;RHOA;PIK3CD;PPP1CA;STAT3
prerank,Inositol phosphate metabolism Homo sapiens hsa00562,-0.34767595325425704,-1.2644561153409157,0.10784313725490197,0.35003373265310234,1.0,19/68,15.50%,PIP5K1B;PLCG2;PLCB4;INPP5D;INPP4A;SYNJ1;PIK3C2B;CDIPT;PLCB3;PIK3CD;PIK3C2A;MTM1;MTMR6;PIK3C3;TPI1;INPPL1;PIP5K1C;ITPKB;PI4KB
prerank,GnRH signaling pathway Homo sapiens hsa04912,0.37221833589700065,1.2556757440316815,0.12991452991452992,0.5438824618383654,1.0,16/82,9.19%,ADCY5;ADCY1;ITPR1;GNAS;PLCB1;MMP2;PLD1;MAP2K6;MAPK9;SOS2;CACNA1D;PRKCB;GNAQ;PRKCA;CAMK2D;MAP3K2
prerank,Cocaine addiction Homo sapiens hsa05030,0.4024795411653099,1.2536431625687323,0.1624548736462094,0.5378585059123319,1.0,3/48,2.35%,CREB5;ADCY5;GNAS
prerank,Gap junction Homo sapiens hsa04540,0.3725697598556754,1.2513123308688687,0.13095238095238096,0.5322950676954123,1.0,16/81,9.19%,ADCY5;ADCY1;ITPR1;LPAR1;GNAS;PLCB1;PDGFRB;PDGFRA;SOS2;GJA1;PDGFD;PRKCB;GNAQ;PRKCA;CDK1;MAP3K2
prerank,Asthma Homo sapiens hsa05310,-0.5103403806500203,-1.2453075286271,0.20486815415821502,0.38461070823743976,1.0,3/12,17.60%,PRG2;RNASE3;CD40
prerank,Phospholipase D signaling pathway Homo sapiens hsa04072,-0.30643183914215516,-1.2431729062161114,0.04722222222222222,0.38108714290475004,1.0,37/133,13.20%,DNM3;KITLG;GAB1;PIP5K1B;DGKH;CYTH3;GRM3;KRAS;GRM7;PLCG2;CYTH1;PLCB4;FYN;PTK2B;NRAS;ADCY4;DGKB;GNA12;DGKI;ARF1;MRAS;PDGFC;DNM2;MTOR;ADCY7;PLCB3;RHOA;ADCY3;PIK3CD;RALB;RHEB;DGKZ;DGKG;DNM1;LPAR6;PIK3R5;GRM8
prerank,Complement and coagulation cascades Homo sapiens hsa04610,0.3785246501360874,1.2425637199891737,0.17706576728499157,0.5456364742476426,1.0,14/69,12.57%,TFPI;BDKRB2;SERPIND1;PROS1;ITGAX;C2;CFH;F5;VTN;F2RL2;C8B;F2RL3;C8G;SERPINE1
prerank,Pancreatic cancer Homo sapiens hsa05212,-0.34401193913759703,-1.2391469910269557,0.14025974025974025,0.38114314362523144,1.0,26/66,24.36%,KRAS;RAC1;TGFB2;TGFBR2;IKBKB;ARHGEF6;TGFB1;BCL2L1;VEGFA;MAPK8;CDK6;PIK3CD;CHUK;RALB;STAT3;PIK3R5;E2F3;RAF1;PIK3R3;JAK1;AKT1;MAPK3;TGFB3;RELA;MAPK10;STAT1
prerank,Melanogenesis Homo sapiens hsa04916,0.3567648777083509,1.2350861836711449,0.14746543778801843,0.5555935765139414,1.0,18/95,10.39%,ADCY5;TCF7L2;ADCY1;WNT4;WNT6;KIT;GNAS;PLCB1;PRKCB;TCF7L1;GNAQ;WNT5B;PRKCA;CAMK2D;MITF;CREB3L2;DVL3;DCT
prerank,Other glycan degradation Homo sapiens hsa00511,-0.4807974687121548,-1.231294703248721,0.2346723044397463,0.39040282542301735,1.0,7/16,22.44%,HEXB;HEXA;MAN2B1;FUCA2;MAN2C1;MAN2B2;MANBA
prerank,FoxO signaling pathway Homo sapiens hsa04068,0.3445180872495163,1.2296138492946296,0.12686567164179105,0.558262164787613,1.0,17/130,8.58%,IGF1;PRKAG2;PRKAG3;PDPK1;ARAF;MAPK9;SOS2;PRKAA2;IGF1R;SETD7;BNIP3;IL6;SMAD3;PTEN;PRKAA1;RBL2;USP7
prerank,Pathways in cancer Homo sapiens hsa05200,0.2987141706557998,1.2288479298535848,0.07125603864734299,0.5495550126087937,1.0,65/385,11.42%,IGF1;LAMC3;ROCK2;ADCY5;COL4A5;TCF7L2;ADCY1;WNT4;ARNT2;FGFR2;EPAS1;WNT6;COL4A6;BDKRB2;KIT;DAPK1;LAMA2;LPAR1;RUNX1T1;BCL2;GNAS;PLCB1;PDGFRB;MMP2;STAT5B;PLD1;ARAF;PDGFRA;LPAR2;MAPK9;SOS2;IGF1R;FGF1;ITGA3;GLI3;PRKCB;TCF7L1;ARHGEF11;GNAQ;SUFU;IL6;SMAD3;WNT5B;MMP9;PRKCA;PTEN;BIRC5;ARNT;VEGFB;BRCA2;MITF;GNB5;MDM2;AXIN2;DVL3;ABL1;PTGER1;GNG7;FGF9;HDAC1;PIK3R1;F2RL3;RXRA;ERBB2;TGFA
prerank,cGMP-PKG signaling pathway Homo sapiens hsa04022,0.3284910337638593,1.2257087658483161,0.1156773211567732,0.547955609196079,1.0,18/158,6.94%,CREB5;ATP1A2;ROCK2;ADCY5;ADCY1;ITPR1;SLC8A3;BDKRB2;ATP1B3;MYLK;PLCB1;SLC8A1;SLC25A31;CACNA1D;NPR2;GNAQ;ADRA1D;PDE5A
prerank,Apoptosis Homo sapiens hsa04210,-0.3025398943488793,-1.2212247233538536,0.08235294117647059,0.40557104746944783,1.0,48/128,23.79%,ACTB;MAP3K5;ACTG1;ITPR2;KRAS;DAB2IP;NGF;NFKBIA;CTSD;TNFSF10;NRAS;IKBKB;CTSB;CAPN2;BCL2L1;BIRC3;JUN;MAPK8;PIK3CD;CHUK;ATF4;TUBA1B;LMNA;PIK3R5;GADD45G;BBC3;TUBA1A;ITPR3;TRAF1;FAS;CTSZ;CASP8;RAF1;MAP2K2;PIK3R3;TNFRSF10B;AKT1;CTSL;CTSC;IL3RA;GADD45A;MAPK3;CYCS;CSF2RB;RELA;MAPK10;GADD45B;BAX
prerank,GABAergic synapse Homo sapiens hsa04727,0.35565822931032964,1.2209827588700979,0.16295025728987994,0.5508707482464233,1.0,14/85,12.29%,SLC6A13;ADCY5;ADCY1;SLC38A3;ABAT;SLC6A1;CACNA1D;PRKCB;PRKCA;GABRQ;GNB5;GNG7;GNG11;SLC38A2
prerank,Galactose metabolism Homo sapiens hsa00052,0.4482104430485456,1.2195967332722546,0.22764227642276422,0.543832702621081,1.0,10/27,17.93%,HK2;B4GALT1;MGAM;GANC;GALK1;AKR1B1;B4GALT2;GLA;GCK;GLB1
prerank,Non-homologous end-joining Homo sapiens hsa03450,0.5343333759655533,1.2193848446779065,0.24618736383442266,0.5344857244548157,1.0,5/12,10.51%,XRCC5;XRCC4;POLM;NHEJ1;PRKDC
prerank,Melanoma Homo sapiens hsa05218,0.3688544768986972,1.2178806595949376,0.18600682593856654,0.5285399941967308,1.0,12/69,10.73%,IGF1;PDGFRB;ARAF;PDGFRA;PDGFD;IGF1R;FGF1;PTEN;MITF;MDM2;FGF9;PIK3R1
prerank,Glioma Homo sapiens hsa05214,0.3756844440234103,1.2171897063265358,0.173841059602649,0.521136139338662,1.0,13/62,11.42%,IGF1;PDGFRB;ARAF;PDGFRA;SOS2;IGF1R;PRKCB;PRKCA;PTEN;CAMK2D;MDM2;PIK3R1;TGFA
prerank,Bile secretion Homo sapiens hsa04976,0.37236058611362055,1.2054949581347187,0.1956521739130435,0.5414201159406755,1.0,5/62,2.35%,ATP1A2;ADCY5;ADCY1;ATP1B3;GNAS
prerank,ErbB signaling pathway Homo sapiens hsa04012,-0.31500820559777726,-1.2004032577447845,0.13513513513513514,0.44471106273958005,1.0,30/85,21.71%,GAB1;KRAS;CBL;PTK2;PLCG2;NRAS;NCK1;GSK3B;JUN;MTOR;PAK1;MAPK8;PAK2;PIK3CD;CDKN1B;NCK2;MAP2K7;CRK;PIK3R5;NRG3;CAMK2B;RAF1;MAP2K2;PRKCG;PIK3R3;AKT1;SHC3;MAPK3;SHC4;CDKN1A
prerank,Transcriptional misregulation in cancer Homo sapiens hsa05202,0.3238920196545437,1.1945509416162357,0.15616045845272206,0.561097825712759,1.0,19/148,9.50%,IGF1;MAF;EYA1;ARNT2;KMT2A;MEIS1;RUNX1T1;BMP2K;ZEB1;PAX5;SLC45A3;IGF1R;IL6;MMP9;CCNT2;CCNT1;NUPR1;SPINT1;MDM2
prerank,MicroRNAs in cancer Homo sapiens hsa05206,-0.2841688345665502,-1.1942885461352655,0.0972644376899696,0.44990446827912633,1.0,34/147,10.85%,FOXP1;KRAS;THBS1;RPS6KA5;TGFB2;SLC7A1;HNRNPK;GLS;PLCG2;TNR;NOTCH3;NOTCH1;VIM;BMPR2;TNXB;ITGA5;NRAS;IKBKB;SOX4;CD44;MET;MARCKS;PDCD4;VEGFA;MTOR;NOTCH4;PTGS2;RHOA;DDIT4;APC;CDK6;CDKN1B;STAT3;CRK
prerank,Endocytosis Homo sapiens hsa04144,-0.2668350771664581,-1.1942190539113027,0.06296296296296296,0.44087410638405344,1.0,55/236,13.90%,DNM3;PIP5K1B;CAV1;CYTH3;ARAP2;WWP1;SH3KBP1;HSPA8;TFRC;KDR;TGFB2;ASAP2;PSD3;CBL;NEDD4L;CYTH1;EHD4;ARAP3;CAV2;RAB31;MVB12B;SH3GLB1;IQSEC1;CHMP5;WIPF1;CHMP2B;ARPC1B;TGFBR2;AP2A2;CAPZA2;TGFB1;ARPC3;EHD1;ARRB1;ARF5;MET;RAB11FIP1;ARF1;WIPF3;DNM2;AMPH;RHOA;AP2M1;HGS;GIT1;BIN1;DNM1;EPN2;ADRB2;EHD3;AGAP3;ARFGAP2;MVB12A;RAB11FIP5;RET
prerank,Long-term depression Homo sapiens hsa04730,0.37305235561209354,1.193918809171681,0.21602787456445993,0.5535215330723264,1.0,9/57,7.40%,IGF1;ITPR1;GNAS;PLCB1;ARAF;IGF1R;PRKCB;GNAQ;PRKCA
prerank,PI3K-Akt signaling pathway Homo sapiens hsa04151,0.29630523876512543,1.1918600576066,0.1099476439790576,0.5498119659439512,1.0,53/307,11.72%,IGF1;CREB5;LAMC3;COL4A5;ITGA9;PPP2R2B;FGFR2;FGFR4;COL4A6;KIT;ANGPT1;LAMA2;LPAR1;PDPK1;BCL2;TNC;COL9A2;PDGFRB;THBS2;COL1A2;PDGFRA;LPAR2;SOS2;EIF4EBP1;PRKAA2;PDGFD;IGF1R;FGF1;ITGA3;IL6;GYS1;PRKCA;PTEN;PRKAA1;RBL2;VTN;CSF1;ANGPT2;PKN2;VEGFB;GNB5;MDM2;CREB3L2;GNG7;FGF9;MLST8;PIK3R1;RPS6KB1;EPHA2;JAK2;RXRA;MYB;GNG11
prerank,Hippo signaling pathway Homo sapiens hsa04390,0.32136759100919715,1.1834530912828463,0.17307692307692307,0.563356316250768,1.0,38/147,15.68%,BMP6;TCF7L2;WNT4;PPP2R2B;WNT6;BMP7;PARD6G;FRMD6;PARD3;LLGL2;TEAD1;PRKCZ;FGF1;TCF7L1;DLG1;WWC1;SMAD3;WNT5B;BIRC5;TEAD3;AXIN2;DVL3;LATS1;LLGL1;DLG4;BMPR1A;AREG;SERPINE1;DLG3;FZD2;NKD1;FZD10;GLI2;PRKCI;BIRC2;AXIN1;SMAD4;FZD7
prerank,Salivary secretion Homo sapiens hsa04970,0.3605767047326436,1.180295438188637,0.21612349914236706,0.562639655766146,1.0,11/70,7.40%,ATP1A2;ADCY5;ADCY1;ITPR1;ATP1B3;GNAS;PLCB1;PRKCB;GNAQ;ADRA1D;PRKCA
prerank,Ribosome biogenesis in eukaryotes Homo sapiens hsa03008,-0.32248679461034024,-1.1788285276773511,0.16711590296495957,0.46950054279386855,1.0,29/71,35.36%,GNL3;IMP3;BMS1;POP5;WDR3;FBL;POP4;CSNK2B;RBM28;NXT1;RPP30;UTP14C;TBL3;UTP18;AK6;UTP15;NHP2;EIF6;PWP2;REXO1;POP7;NOP10;DROSHA;RMRP;NMD3;NOL6;RPP40;IMP4;GNL3L
prerank,Cholinergic synapse Homo sapiens hsa04725,0.3282298784978593,1.1770898782511843,0.17884914463452567,0.5624851895734597,1.0,21/109,13.55%,CREB5;ADCY5;ADCY1;ITPR1;KCNQ4;BCL2;PLCB1;CACNA1D;PRKCB;GNAQ;PRKCA;CAMK2D;GNB5;CREB3L2;GNG7;PIK3R1;JAK2;GNG11;SLC5A7;MAPK1;PRKACB
prerank,Glycosaminoglycan degradation Homo sapiens hsa00531,-0.43307355711889883,-1.1741357053578687,0.2546583850931677,0.4722195969446878,1.0,10/19,28.24%,HEXB;HEXA;IDS;HPSE;HYAL2;ARSB;HPSE2;SGSH;GUSB;IDUA
prerank,Oocyte meiosis Homo sapiens hsa04114,0.3342690367679256,1.173734627532102,0.19175911251980982,0.5620254379866991,1.0,8/104,5.40%,IGF1;ADCY5;ADCY1;ITPR1;CPEB2;ANAPC13;CPEB4;IGF1R
prerank,PPAR signaling pathway Homo sapiens hsa03320,0.36550234597857556,1.1701860164839755,0.23414634146341465,0.5632808018960914,1.0,8/63,5.76%,PPARA;CYP27A1;ACSL1;PDPK1;SORBS1;EHHADH;ACADL;CPT2
prerank,Drug metabolism - other enzymes Homo sapiens hsa00983,0.42067467366355304,1.1700601195875033,0.28468468468468466,0.5552030551080224,1.0,6/30,12.51%,DPYD;UPB1;DPYS;GMPS;UPP2;CYP2A6
prerank,Arrhythmogenic right ventricular cardiomyopathy (ARVC) Homo sapiens hsa05412,0.35355163292061803,1.1679609572885556,0.21269296740994853,0.5520905374307151,1.0,14/74,7.35%,CACNA2D3;TCF7L2;ITGA9;DMD;LAMA2;CACNG1;SLC8A1;CACNA1D;CACNB4;CACNG7;GJA1;ITGA3;TCF7L1;CACNA2D1
prerank,Influenza A Homo sapiens hsa05164,-0.2850167926881664,-1.1676174390983098,0.1467065868263473,0.4792759630833364,1.0,43/132,23.57%,ACTB;ACTG1;IL33;HSPA8;NFKBIA;TNFSF10;IVNS1ABP;IKBKB;TRIM25;GSK3B;JUN;MAPK8;DDX39B;FURIN;ADAR;PIK3CD;MAP2K7;OAS2;RSAD2;PIK3R5;IFNGR1;AGFG1;FAS;IFIH1;RAF1;NXT1;DNAJB1;MAP2K2;PIK3R3;HNRNPUL1;TNFRSF10B;MYD88;JAK1;AKT1;MAPK3;CYCS;CASP1;CIITA;MAPK11;IFNAR1;RELA;HSPA1B;MAPK10
prerank,Hedgehog signaling pathway Homo sapiens hsa04340,0.3799321774157118,1.1653275795574611,0.25257731958762886,0.5504729310891344,1.0,7/48,7.27%,WNT4;WNT6;ZIC2;GLI3;LRP2;SUFU;WNT5B
prerank,Rap1 signaling pathway Homo sapiens hsa04015,0.30254264708724643,1.1558458426972538,0.18352601156069365,0.567271832697637,1.0,30/202,8.79%,IGF1;ADCY5;ADCY1;FGFR2;FGFR4;KIT;ANGPT1;PARD6G;TLN2;LPAR1;GNAS;PARD3;PLCB1;PDGFRB;TLN1;MAP2K6;PDGFRA;LPAR2;PDGFD;IGF1R;PRKCZ;FGF1;PRKCB;GNAQ;PRKCA;RAPGEF4;CSF1;PFN4;ANGPT2;VEGFB
prerank,Amphetamine addiction Homo sapiens hsa05031,0.3572295864761573,1.1533280483274686,0.2504472271914132,0.5657292612049797,1.0,13/63,14.15%,CREB5;ADCY5;GNAS;CACNA1D;PRKCB;ARC;PRKCA;CAMK2D;CREB3L2;HDAC1;GRIA4;PRKACB;MAOB
prerank,Protein export Homo sapiens hsa03060,-0.3967289464068522,-1.1523178586275016,0.2570281124497992,0.5103953423779861,1.0,13/21,38.91%,SRP9;HSPA5;SEC62;SRPRB;SEC61G;SRP14;SEC63;SEC11A;SEC61B;SPCS3;SEC61A2;IMMP2L;SEC61A1
prerank,Parkinson's disease Homo sapiens hsa05012,-0.29168727991421145,-1.150669112538378,0.1742857142857143,0.5050247433590175,1.0,38/109,22.97%,UBB;GNAL;COX4I1;COX6C;GNAI1;NDUFC2;UCHL1;NDUFA7;NDUFA5;NDUFA6;NDUFB5;NDUFA12;NDUFV1;NDUFA4;NDUFB7;UQCRH;COX6A1;NDUFA13;COX7C;NDUFS1;UQCR11;NDUFB11;COX8A;NDUFB10;UBE2G1;COX5A;NDUFA1;UQCRQ;NDUFB4;NDUFS7;UQCRC2;UQCRC1;PINK1;UBA1;SLC25A4;CYCS;NDUFA4L2;UQCR10
prerank,T cell receptor signaling pathway Homo sapiens hsa04660,-0.2966994358929114,-1.1497839258156215,0.1951219512195122,0.4977689000825047,1.0,28/102,20.26%,KRAS;CBL;FYN;NFKBIA;NRAS;IKBKB;NCK1;NFATC2;NFATC1;PTPRC;GSK3B;JUN;PAK1;RHOA;PAK2;PIK3CD;CHUK;NCK2;MAP2K7;PIK3R5;PPP3CA;MAP3K8;RAF1;MAP2K2;PIK3R3;PPP3R1;NFATC3;AKT1
prerank,mRNA surveillance pathway Homo sapiens hsa03015,-0.29866726390186943,-1.1445535465571963,0.2020997375328084,0.5032217142360874,1.0,27/84,20.68%,MSI2;PPP2R5C;PABPC1;CPSF7;DDX39B;PPP1CA;CPSF3;CPSF6;RBM8A;GSPT2;RNPS1;PPP2R2D;SYMPK;CLP1;NXT1;PPP2R5A;PPP2R2A;CPSF2;CSTF2T;PELO;SMG5;PPP1CB;PCF11;CSTF2;PPP2R3C;PPP1CC;MAGOH
prerank,Measles Homo sapiens hsa05162,-0.28750702135797773,-1.1372799610581699,0.19830028328611898,0.5130931022897902,1.0,33/108,24.36%,MSN;HSPA8;FYN;NFKBIA;TNFSF10;GSK3B;ADAR;CDK6;PIK3CD;CDKN1B;CHUK;STAT3;OAS2;PIK3R5;BBC3;IFNGR1;CSNK2B;FAS;IFIH1;CDK2;PIK3R3;IRAK1;TNFRSF10B;JAK3;MYD88;JAK1;AKT1;TNFAIP3;IFNAR1;FCGR2B;RELA;HSPA1B;STAT1
prerank,Colorectal cancer Homo sapiens hsa05210,-0.3157250340913045,-1.1362339316280514,0.23097112860892388,0.5072973956375845,1.0,27/62,23.79%,LEF1;KRAS;RAC1;TGFB2;TGFBR2;TGFB1;CTNNB1;DCC;GSK3B;JUN;RHOA;MAPK8;APPL1;APC;PIK3CD;MSH2;PIK3R5;TCF7;RAF1;APC2;PIK3R3;AKT1;MAPK3;CYCS;TGFB3;MAPK10;BAX
prerank,Thyroid cancer Homo sapiens hsa05216,-0.37214377799103343,-1.1356675628597974,0.2703962703962704,0.49993825029752464,1.0,13/29,21.48%,LEF1;KRAS;CDH1;NRAS;CTNNB1;TCF7;RET;NCOA4;TPM3;MAP2K2;RXRB;PAX8;MAPK3
prerank,Wnt signaling pathway Homo sapiens hsa04310,0.313521559309156,1.1330167596960972,0.25146198830409355,0.6096126107562332,1.0,31/136,14.14%,ROCK2;TCF7L2;WNT4;WNT6;VANGL1;DKK1;TBL1XR1;PLCB1;PRICKLE1;MAPK9;INVS;FRAT1;DAAM1;PRKCB;TCF7L1;SMAD3;WNT5B;PRKCA;CAMK2D;WIF1;AXIN2;DVL3;GPC4;FZD2;NFATC4;MAP3K7;PRKACB;NKD1;FZD10;CREBBP;NLK
prerank,Toll-like receptor signaling pathway Homo sapiens hsa04620,-0.29703223478841434,-1.1322565687443609,0.21164021164021163,0.5001528507533979,1.0,43/86,35.95%,RAC1;LBP;NFKBIA;IKBKB;SPP1;JUN;MAPK8;PIK3CD;CHUK;MAP2K7;TOLLIP;PIK3R5;MAP3K8;CASP8;CD40;MAP2K2;PIK3R3;IRAK1;IRF5;TIRAP;MYD88;AKT1;MAPK3;MAPK11;IFNAR1;RELA;MAPK10;CD80;STAT1;CXCL10;TLR7;TLR4;FADD;TLR6;TLR1;TAB2;MAPK12;AKT2;TICAM1;CCL5;PIK3CG;TLR8;RIPK1
prerank,Leishmaniasis Homo sapiens hsa05140,-0.3232013925365515,-1.1282829743401277,0.2537313432835821,0.5017499674323679,1.0,18/55,24.36%,TGFB2;ITGB1;NFKBIA;TGFB1;ITGA4;JUN;PTGS2;IFNGR1;MARCKSL1;IRAK1;MYD88;JAK1;MAPK3;C3;MAPK11;TGFB3;RELA;STAT1
prerank,Vascular smooth muscle contraction Homo sapiens hsa04270,0.31901085350734093,1.1275451244973065,0.2457757296466974,0.6154854886299072,1.0,17/108,7.40%,ROCK2;ADCY5;ADCY1;ITPR1;MYLK;GNAS;PLA2G10;PLCB1;CALD1;ARAF;CACNA1D;NPR2;PRKCB;ARHGEF11;GNAQ;ADRA1D;PRKCA
prerank,RNA polymerase Homo sapiens hsa03020,0.4108248716937475,1.1256803468673318,0.2992565055762082,0.6123553714734428,1.0,7/27,13.89%,POLR2D;POLR3GL;POLR3G;POLR2A;POLR1A;POLR1D;POLR3C
prerank,Calcium signaling pathway Homo sapiens hsa04020,0.2999355643893306,1.1250900321650608,0.23876404494382023,0.6057516509179398,1.0,20/173,6.53%,PDE1A;ADCY1;ITPR1;SLC8A3;BDKRB2;STIM1;PHKB;TNNC1;MYLK;GNAS;PLCB1;PDGFRB;SLC8A1;SLC25A31;PDGFRA;SPHK1;CACNA1D;PRKCB;GNAQ;ADRA1D
prerank,Glycosylphosphatidylinositol(GPI)-anchor biosynthesis Homo sapiens hsa00563,0.4236466271307047,1.1185917882240932,0.297244094488189,0.6146128508991415,1.0,6/24,12.89%,PIGU;PIGG;PIGV;PIGX;PIGC;PIGQ
prerank,Pyrimidine metabolism Homo sapiens hsa00240,0.3242508481430563,1.1152291596252153,0.2949101796407186,0.6152551813674536,1.0,19/97,13.89%,DPYD;POLR2D;UPB1;CTPS1;CTPS2;TYMS;NT5M;POLR3GL;POLR3G;POLR2A;DPYS;TXNRD1;TXNRD2;POLR1A;NME5;UPP2;NME4;POLR1D;POLR3C
prerank,Platelet activation Homo sapiens hsa04611,0.31168260686375776,1.1125243917757532,0.26242236024844723,0.6145523066808869,1.0,14/115,7.10%,ROCK2;ADCY5;ADCY1;ITPR1;STIM1;TLN2;MYLK;GNAS;PLCB1;COL1A2;TLN1;PRKCZ;GNAQ;ARHGAP35
prerank,Lysosome Homo sapiens hsa04142,-0.27928907547324555,-1.1088205593029268,0.24096385542168675,0.5452154996715222,1.0,52/118,33.45%,AP3S1;PSAP;CTSD;LGMN;ATP6V0A1;CTSB;SUMF1;AP3M2;LAMP1;CD63;HEXB;HEXA;MAN2B1;IDS;ATP6V0C;TCIRG1;AP1S2;CTSZ;M6PR;GM2A;LAPTM5;ATP6V0A4;ATP6V0A2;ABCA2;ACP2;GNPTAB;CTSL;CTSC;SLC11A1;ATP6V0D2;CLN5;MANBA;NPC2;ARSB;CD68;SCARB2;MCOLN1;ATP6V1H;CTSE;GNPTG;SGSH;GUSB;IDUA;PLA2G15;ACP5;ATP6AP1;AP1G2;AP4B1;CTSF;AP3B2;ABCB9;CD164
prerank,Primary bile acid biosynthesis Homo sapiens hsa00120,0.4567512247109649,1.1087962394841702,0.3358208955223881,0.6162966998284837,1.0,1/14,1.11%,CYP27A1
prerank,2-Oxocarboxylic acid metabolism Homo sapiens hsa01210,0.4591180271424939,1.1087432307803522,0.3360323886639676,0.6087249418621766,1.0,9/16,26.51%,IDH2;CS;IDH3G;AADAT;ACO2;BCAT2;GPT2;GOT2;ACO1
prerank,Glycosphingolipid biosynthesis - lacto and neolacto series Homo sapiens hsa00601,0.4198913986034517,1.1044897430587215,0.33076923076923076,0.6127373711273705,1.0,4/22,4.55%,B3GALT1;ST3GAL3;B3GNT5;B4GALT1
prerank,Vasopressin-regulated water reabsorption Homo sapiens hsa04962,0.3716747025537117,1.1030438576147756,0.329136690647482,0.6087992556061088,1.0,3/40,4.53%,CREB5;GNAS;DYNC2H1
prerank,Proteasome Homo sapiens hsa03050,-0.3316478890919484,-1.1008201000971884,0.30472103004291845,0.557920137962693,1.0,12/43,15.80%,PSMD13;PSMF1;POMP;PSMB10;PSMB6;PSME3;PSMB5;PSMC3;PSMD12;PSMB8;PSME1;PSMB3
prerank,Drug metabolism - cytochrome P450 Homo sapiens hsa00982,-0.32398852741440903,-1.099583528941703,0.2871536523929471,0.552530233618481,1.0,3/42,2.26%,FMO1;MAOA;FMO2
prerank,Fanconi anemia pathway Homo sapiens hsa03460,0.36002821963542725,1.0969830394610347,0.3470483005366726,0.6165179868158278,1.0,16/47,17.33%,FANCA;ATRIP;RAD51C;BLM;WDR48;FANCI;BRCA2;REV1;FANCB;FANCF;FANCE;MLH1;FANCC;RAD51;BRIP1;TELO2
prerank,Amoebiasis Homo sapiens hsa05146,0.3258993307232255,1.0966055979338794,0.3019169329073482,0.6100810074699569,1.0,13/87,8.43%,LAMC3;COL4A5;ADCY1;COL4A6;LAMA2;GNAS;PLCB1;COL1A2;PRKCB;GNAQ;IL6;PRKCA;C8B
prerank,Ether lipid metabolism Homo sapiens hsa00565,0.3656920981597518,1.0912105706520987,0.3338983050847458,0.6163950220516807,1.0,9/37,15.33%,PLA2G10;PAFAH2;PLD1;PAFAH1B3;ENPP2;PAFAH1B1;PLA2G4B;PLA2G4C;PLA2G12A
prerank,Pentose phosphate pathway Homo sapiens hsa00030,-0.3576784389602627,-1.0890045066680178,0.31645569620253167,0.5722785651536356,1.0,8/27,17.38%,PRPS2;TALDO1;TKT;PFKM;ALDOA;PFKP;RPIA;ALDOC
prerank,RNA transport Homo sapiens hsa03013,-0.26199376164796817,-1.087537993145903,0.277602523659306,0.567733437549756,1.0,43/145,23.59%,EEF1A1;PABPC1;EIF3F;EIF1B;EIF4G3;EIF3I;DDX20;DDX39B;EIF4G1;EIF3D;POP5;CLNS1A;RANGAP1;RBM8A;STRAP;RNPS1;NUP37;POP4;EIF3B;RPP21;EIF2B5;NUP210L;EIF3C;EIF1;NXT1;EIF2B2;SUMO3;RPP30;NUP54;NUP85;EIF5B;THOC3;CYFIP2;NUP133;MAGOH;FMR1;POM121;EIF3A;EIF4B;EIF3G;THOC6;EIF4E;EIF5
prerank,Biosynthesis of unsaturated fatty acids Homo sapiens hsa01040,-0.39999496199788925,-1.0847378073549354,0.3514056224899598,0.5661388657908943,1.0,8/18,21.85%,ELOVL5;FADS2;ACOX3;ELOVL6;TECR;SCD5;ACOT2;SCD
prerank,Spliceosome Homo sapiens hsa03040,-0.26387828265441393,-1.0815719551548744,0.24431818181818182,0.5660090985023998,1.0,43/127,29.13%,HSPA8;HNRNPK;SRSF2;SRSF1;HNRNPU;HNRNPA3;PPIE;SF3B1;SF3B2;PHF5A;DDX5;SRSF5;DDX39B;SRSF9;CWC15;USP39;RBM8A;XAB2;PRPF18;SNRPC;SRSF6;PRPF40B;SF3B5;PRPF4;RBMXL1;PCBP1;CCDC12;THOC3;RBM17;CTNNBL1;RBM22;MAGOH;TRA2B;SNRPG;HSPA1B;HNRNPM;THOC2;PUF60;LSM8;EIF4A3;SRSF7;ALYREF;BUD31
prerank,Systemic lupus erythematosus Homo sapiens hsa05322,-0.3389675343192687,-1.0813975916159975,0.32688172043010755,0.5583128015652603,1.0,11/34,23.85%,ACTN4;ACTN1;C1QB;SSB;C1QA;C1QC;CD40;C6;C3;C7;CD80
prerank,Fat digestion and absorption Homo sapiens hsa04975,0.3792756383425631,1.077014459077132,0.3621908127208481,0.6447232352081427,1.0,3/34,4.04%,CEL;PLA2G10;ABCA1
prerank,Axon guidance Homo sapiens hsa04360,0.3021330962297644,1.072234129216642,0.323397913561848,0.6495894232978298,1.0,12/126,5.00%,EPHA7;PLXNA2;ROBO1;ROCK2;EPHA3;EFNB2;RHOD;SEMA3B;EPHA8;EPHA4;PLXNC1;NTNG2
prerank,Renin secretion Homo sapiens hsa04924,0.34118368505667396,1.071690718013352,0.3392857142857143,0.6436689984237893,1.0,8/56,6.43%,ADCY5;PDE1A;ITPR1;GNAS;PLCB1;CACNA1D;ACE;GNAQ
prerank,Toxoplasmosis Homo sapiens hsa05145,-0.27474762915369694,-1.0713304681697142,0.3227665706051873,0.5770522881087821,1.0,39/101,24.36%,ITGA6;HSPA8;TGFB2;ITGB1;LAMA1;NFKBIA;LAMA5;IKBKB;TGFB1;LAMB2;LAMA3;GNAI1;BCL2L1;BIRC3;MAPK8;PIK3CD;CHUK;STAT3;PIK3R5;IFNGR1;CASP8;CD40;PIK3R3;IRAK1;MYD88;JAK1;AKT1;MAPK3;CYCS;CIITA;MAPK11;TGFB3;GNAO1;RELA;HSPA1B;MAPK10;SOCS1;LAMC2;STAT1
prerank,Choline metabolism in cancer Homo sapiens hsa05231,0.31244163669610525,1.0711960587142415,0.34831460674157305,0.6375689244527472,1.0,15/97,7.74%,SLC22A4;SLC22A2;PDPK1;PDGFRB;PLD1;PDGFRA;WASF1;MAPK9;SOS2;EIF4EBP1;WASL;PDGFD;PRKCB;PRKCA;WASF3
prerank,Metabolic pathways Homo sapiens hsa01100,0.24808623797718193,1.0709044377846522,0.2529348986125934,0.6312098881725916,1.0,190/1090,15.42%,CYP26B1;ALDH1A1;ALDH1A2;DPYD;ACSS3;B3GALT1;AGPAT4;PCCA;CYP27A1;NADK2;ST3GAL3;POLR2D;ALDH4A1;ABAT;GALNT15;GALNTL5;GALNT14;GALNT18;UPB1;CMBL;SUCLG2;ACADSB;AGMAT;ACSL1;HK2;CEL;GMDS;LOC102724560;CBS;MCCC2;AASS;FAH;HSD17B1;CRYL1;CTPS1;PLA2G10;B3GNT5;ALDH7A1;PAFAH2;PLCB1;KL;PIGU;IVD;AMPD3;PLD1;A4GALT;ST3GAL5;ACOT4;PAFAH1B3;SPHK1;CTPS2;B4GALT1;MGAM;CERS6;CERS5;NMNAT2;EHHADH;ACADL;AANAT;SORD;ALG6;ETNK2;MTMR3;MAN1C1;MTHFR;CHSY1;DBT;HSD17B10;ADSL;ASL;SYNJ2;EPHX2;AZIN2;TYMS;ALG2;BCKDHA;HOGA1;NDUFV2;HMGCL;NT5M;GANC;RPE;LIPC;EXTL1;H6PD;POLR3GL;COX6A2;POLR3G;MOCS2;BDH1;POLR2A;AHCY;ALG9;NADSYN1;ACADS;DPYS;GFPT2;IDH2;PMVK;COX17;XYLT2;RIMKLB;PAFAH1B1;ACAA2;GCDH;ATP6V0D1;CERS1;ALDH6A1;ATP6V0E1;GALK1;PIGV;B3GALT6;NDST2;RBKS;GALNT16;GMPS;ACAT2;DHRS3;DCT;PMM2;GBGT1;CDO1;ENOPH1;BCKDHB;NDUFA9;CS;FDPS;SCLY;PISD;COQ6;ENPP3;POLR1A;PRODH;AUH;C1GALT1C1;NMNAT1;PIGX;IDH3G;PLCD1;PIPOX;UGDH;NME5;GBA2;UPP2;AMACR;SAT2;AKR1B1;CYP2A6;PIGC;B4GALT2;PIGQ;ACOT1;FLAD1;SHMT1;INPP4B;ADK;PLA2G4B;DLAT;NME4;THTPA;AADAT;ENO2;MOGS;ITPKA;MOCS1;PLA2G4C;ACOX1;POLR1D;NUDT12;ME3;POLR3C;GPI;MAOB;BDH2;HIBCH;GALNTL6;HMGCLL1;ACO2;ASPA;CHKA;ATP6V1D;SPAM1;HYAL1;MTHFS;ST20-MTHFS;GSTZ1;PLCE1;PLA2G12A;TRAK2;COX7B
prerank,Arginine biosynthesis Homo sapiens hsa00220,-0.3931758167111488,-1.0672100584141877,0.39300411522633744,0.579475358381563,1.0,3/18,10.82%,NOS3;GLS;NOS1
prerank,Maturity onset diabetes of the young Homo sapiens hsa04950,-0.371338831011317,-1.0663853530222744,0.37790697674418605,0.5737374614616354,1.0,7/23,30.51%,HES1;HHEX;IAPP;NR5A2;MAFA;HNF4G;SLC2A2
prerank,Morphine addiction Homo sapiens hsa05032,0.30996950142228474,1.063172401219117,0.34523809523809523,0.6446263635984281,1.0,13/86,10.51%,ADCY5;PDE1A;ADCY1;PDE7B;GNAS;PDE7A;PRKCB;PRKCA;GRK5;GRK4;GABRQ;GNB5;GNG7
prerank,NOD-like receptor signaling pathway Homo sapiens hsa04621,-0.3094544047274213,-1.0622490875808195,0.337468982630273,0.5766910928864558,1.0,19/50,23.57%,HSP90AA1;HSP90AB1;NFKBIA;NOD1;IKBKB;HSP90B1;BIRC3;MAPK8;CHUK;TAB3;PSTPIP1;CASP8;CARD6;MAPK3;CASP1;TNFAIP3;MAPK11;RELA;MAPK10
prerank,Ras signaling pathway Homo sapiens hsa04014,-0.2426930688166749,-1.0562263448245521,0.25412541254125415,0.5847480204160911,1.0,36/212,10.49%,KITLG;GAB1;TEK;RAPGEF5;EFNA5;RAP1A;TIAM1;RASGRP3;GNB4;RASAL2;KRAS;KDR;RAC1;CALM1;ETS1;PLCG2;NGF;RASGRF2;NRAS;IKBKB;BCL2L1;MET;MRAS;PDGFC;FLT4;VEGFA;PAK1;GNG12;FGF7;RHOA;MAPK8;PAK2;PIK3CD;CHUK;RALB;GRIN1
prerank,Type II diabetes mellitus Homo sapiens hsa04930,-0.3127056221408561,-1.0558252996482944,0.36936936936936937,0.5779544053150375,1.0,19/46,23.86%,PKM;SOCS2;IKBKB;CACNA1G;CACNA1E;HK1;MTOR;MAPK8;PIK3CD;CACNA1C;PIK3R5;CACNA1B;PRKCE;PIK3R3;PRKCD;INSR;MAPK3;MAPK10;SOCS1
prerank,NF-kappa B signaling pathway Homo sapiens hsa04064,-0.27568225997528456,-1.0542056124797514,0.3634020618556701,0.5748806424851046,1.0,24/84,23.67%,PLCG2;LBP;NFKBIA;IKBKB;TRIM25;BCL2L1;IL1R1;TNFRSF11A;BIRC3;PTGS2;CHUK;TAB3;CSNK2B;TRAF1;CXCL12;CD40;CCL13;IRAK1;TIRAP;MYD88;TNFAIP3;NFKB2;RELA;GADD45B
prerank,Estrogen signaling pathway Homo sapiens hsa04915,0.3062492836731553,1.051250763983599,0.3769968051118211,0.6667843288329048,1.0,14/94,10.73%,CREB5;ADCY5;ADCY1;ITPR1;GNAS;PLCB1;MMP2;SOS2;GNAQ;MMP9;HSPA1L;CREB3L2;FKBP5;PIK3R1
prerank,Dopaminergic synapse Homo sapiens hsa04728,0.29054394641775205,1.049547176197474,0.37267080745341613,0.6642786715930696,1.0,15/122,10.51%,CREB5;ADCY5;ITPR1;PPP2R2B;GNAS;PLCB1;MAPK9;CACNA1D;PRKCB;GNAQ;PRKCA;CAMK2D;GNB5;CREB3L2;GNG7
prerank,cAMP signaling pathway Homo sapiens hsa04024,0.27495477104289034,1.0493324734319263,0.35294117647058826,0.657742743028002,1.0,14/191,5.68%,CREB5;ATP1A2;ROCK2;ADCY5;ADCY1;PPARA;ATP1B3;GNAS;RRAS2;PLD1;MAPK9;CACNA1D;SSTR2;GLI3
prerank,Fructose and mannose metabolism Homo sapiens hsa00051,0.3822664335894813,1.0436960525037444,0.40874524714828897,0.6647086911591776,1.0,7/28,14.13%,HK2;GMDS;SORD;PMM2;AKR1B1;PFKFB4;PFKFB1
prerank,Glutamatergic synapse Homo sapiens hsa04724,0.29540077106236334,1.042790091375736,0.3901639344262295,0.6599938182567484,1.0,23/109,13.74%,ADCY5;ADCY1;ITPR1;SLC38A3;SLC1A3;GNAS;PLCB1;PLD1;CACNA1D;PRKCB;GNAQ;PRKCA;GRIK5;GNB5;GNG7;DLG4;GNG11;GRIA4;SLC38A2;PLA2G4B;MAPK1;PRKACB;PLA2G4C
prerank,Non-alcoholic fatty liver disease (NAFLD) Homo sapiens hsa04932,-0.25580392622859366,-1.038135881353402,0.36503067484662577,0.6104152133419578,1.0,53/140,23.79%,ADIPOR2;MAP3K5;RAC1;COX4I1;COX6C;IKBKB;TGFB1;GSK3B;NDUFC2;NDUFA7;JUN;NDUFA5;NDUFA6;NDUFB5;NDUFA12;NDUFV1;MAPK8;NDUFA4;NDUFB7;XBP1;PIK3CD;UQCRH;ATF4;COX6A1;NDUFA13;COX7C;NDUFS1;UQCR11;NDUFB11;PIK3R5;FAS;COX8A;NDUFB10;CASP8;COX5A;NDUFA1;UQCRQ;NDUFB4;NDUFS7;UQCRC2;UQCRC1;PIK3R3;AKT1;PRKAB1;INSR;CYCS;NR1H3;CEBPA;NDUFA4L2;UQCR10;RELA;MAPK10;BAX
prerank,Nicotine addiction Homo sapiens hsa05033,-0.3163641487458165,-1.0321947119395216,0.425764192139738,0.6193653264390161,1.0,17/39,36.68%,GABRB3;GABRB1;GRIN3A;SLC17A6;GRIN1;GABRG3;CACNA1B;GRIA2;GABRA5;GABRE;GABRG2;GRIA1;SLC32A1;GRIN2B;SLC17A8;GABRG1;GABRB2
prerank,AGE-RAGE signaling pathway in diabetic complications Homo sapiens hsa04933,-0.2646462978417538,-1.0274211937569004,0.39285714285714285,0.6246017816830842,1.0,41/99,24.36%,FN1;NOS3;COL4A1;KRAS;RAC1;TGFB2;F3;PLCG2;PLCB4;NRAS;TGFBR2;TGFB1;NFATC1;VEGFA;JUN;FOXO1;PLCB3;EDN1;MAPK8;PIK3CD;CDKN1B;STAT3;THBD;PIK3R5;COL4A2;COL1A1;CYBB;COL3A1;PRKCE;AGTR1;PIK3R3;PRKCD;AKT1;MAPK3;MAPK11;TGFB3;RELA;MAPK10;AGER;BAX;STAT1
prerank,Ubiquinone and other terpenoid-quinone biosynthesis Homo sapiens hsa00130,-0.45209781860297843,-1.0256542820691277,0.44155844155844154,0.6216283816058015,1.0,6/10,30.85%,VKORC1L1;COQ5;VKORC1;COQ2;COQ7;COQ3
prerank,Insulin signaling pathway Homo sapiens hsa04910,0.2810175172808797,1.023395620888557,0.39940387481371087,0.7013994046468379,1.0,14/132,7.55%,PRKAG2;PRKAG3;PHKB;PDPK1;HK2;SORBS1;ARAF;MAPK9;SOS2;EIF4EBP1;PRKAA2;PRKCZ;GYS1;PRKAA1
prerank,Circadian entrainment Homo sapiens hsa04713,0.29544260479266543,1.021862079400864,0.40879478827361565,0.6980710437894507,1.0,18/88,13.55%,ADCY5;ADCY1;ITPR1;GNAS;PLCB1;NOS1AP;CACNA1D;PRKCB;GNAQ;PRKCA;PER3;CAMK2D;GNB5;GNG7;GNG11;GRIA4;MAPK1;PRKACB
prerank,Signaling pathways regulating pluripotency of stem cells Homo sapiens hsa04550,0.2816783364002615,1.0210183202494219,0.43119266055045874,0.6929681852822178,1.0,7/138,3.15%,IGF1;WNT4;FGFR2;FGFR4;WNT6;MEIS1;JARID2
prerank,Huntington's disease Homo sapiens hsa05016,-0.23924639631580666,-1.0179126205943794,0.4115853658536585,0.6353931623519246,1.0,55/164,24.42%,HIP1;PPARGC1A;PLCB4;COX4I1;COX6C;TGM2;CREB3L1;AP2A2;SOD1;NDUFC2;NDUFA7;NDUFA5;NDUFA6;NDUFB5;NDUFA12;PLCB3;NDUFV1;AP2M1;NDUFA4;NDUFB7;UQCRH;GRIN1;COX6A1;NDUFA13;COX7C;NDUFS1;UQCR11;NDUFB11;REST;POLR2C;BBC3;DCTN4;COX8A;NDUFB10;CASP8;POLR2G;COX5A;NDUFA1;UQCRQ;DNAH3;NDUFB4;NDUFS7;UQCRC2;UQCRC1;AP2B1;DCTN1;SLC25A4;CYCS;TAF4;AP2A1;NDUFA4L2;UQCR10;BAX;POLR2L;DNAH5
prerank,Retrograde endocannabinoid signaling Homo sapiens hsa04723,0.2910880322224034,1.0169080707998288,0.4371859296482412,0.6964986017485502,1.0,18/98,13.55%,ADCY5;ADCY1;ITPR1;PLCB1;MAPK9;CACNA1D;PRKCB;NAPEPLD;GNAQ;PRKCA;DAGLB;GABRQ;GNB5;GNG7;GNG11;GRIA4;MAPK1;PRKACB
prerank,Amyotrophic lateral sclerosis (ALS) Homo sapiens hsa05014,-0.286518587922774,-1.0145602509351872,0.4233409610983982,0.6358493903233358,1.0,24/51,31.55%,MAP3K5;RAC1;SOD1;BCL2L1;TNFRSF1B;DERL1;GRIN1;NOS1;PPP3CA;GRIA2;PPP3R1;NEFL;CYCS;CASP1;MAPK11;BAX;NEFM;PPP3CC;SLC1A2;CAT;BID;GRIA1;PPP3R2;GRIN2B
prerank,HIF-1 signaling pathway Homo sapiens hsa04066,0.2914808056188883,1.00957216200981,0.42812006319115326,0.7076077411397199,1.0,20/97,14.11%,IGF1;ANGPT1;PDK1;HK2;BCL2;EIF4EBP1;IGF1R;PRKCB;IL6;PRKCA;ANGPT2;ARNT;CAMK2D;PIK3R1;RPS6KB1;ERBB2;SERPINE1;MAPK1;ENO2;CREBBP
prerank,Peroxisome Homo sapiens hsa04146,0.298959607046676,1.0093133337685478,0.44754098360655736,0.7012631304324738,1.0,19/81,15.19%,DDO;ACSL1;PXMP2;EHHADH;ECI2;EPHX2;HMGCL;IDH2;PMVK;PHYH;PEX11G;PXMP4;PIPOX;AMACR;ACOX1;NUDT12;HACL1;HMGCLL1;PEX7
prerank,SNARE interactions in vesicular transport Homo sapiens hsa04130,-0.3197198447424248,-1.0002824023305197,0.4501108647450111,0.6664594196840338,1.0,7/33,8.79%,STX3;STX7;STX1A;VTI1B;VAMP8;STX6;BET1L
prerank,Central carbon metabolism in cancer Homo sapiens hsa05230,-0.27555262949606196,-0.9973700456534291,0.4693333333333333,0.666320519262462,1.0,19/64,16.12%,NTRK3;SLC2A1;SLC7A5;KRAS;GLS;PKM;NRAS;MET;HK1;MTOR;PDHA1;PIK3CD;PFKM;PIK3R5;RET;PFKP;LDHA;FLT3;RAF1
prerank,Fatty acid elongation Homo sapiens hsa00062,-0.3503299698546852,-0.9958246183609648,0.48565573770491804,0.6627569841606363,1.0,6/21,21.79%,ELOVL7;ELOVL5;ELOVL6;ELOVL1;TECR;ACOT2
prerank,Glycerophospholipid metabolism Homo sapiens hsa00564,-0.26518221971214156,-0.9942714272804934,0.45272206303724927,0.6593872033947086,1.0,21/84,16.56%,GPCPD1;DGKH;CEPT1;MBOAT1;CRLS1;DGKB;DGKI;CDS1;CDIPT;LPCAT3;LYPLA2;GPD2;DGKZ;DGKG;PNPLA6;PLD3;LPCAT1;LPIN3;PLA2G4A;ETNK1;LPIN1
prerank,Sphingolipid signaling pathway Homo sapiens hsa04071,0.2815167754026584,0.9930606744692068,0.44393241167434716,0.7338652928697321,1.0,17/118,7.48%,ROCK2;PPP2R2B;BDKRB2;PDPK1;BCL2;PLCB1;PLD1;SPHK1;MAPK9;CERS6;CERS5;PRKCZ;PRKCB;GNAQ;SGPP1;PRKCA;PTEN
prerank,Legionellosis Homo sapiens hsa05134,-0.28297579498265896,-0.9926055783864288,0.48641975308641977,0.6561314244957508,1.0,22/50,28.94%,EEF1A1;HSPA8;NFKBIA;ARF1;RAB1A;HSPD1;EEF1G;CASP8;RAB1B;MYD88;CYCS;VCP;C3;CASP1;NFKB2;RELA;HSPA1B;EEF1A2;ITGB2;CLK1;NLRC4;TLR4
prerank,RIG-I-like receptor signaling pathway Homo sapiens hsa04622,-0.2923412439321459,-0.9911833251535759,0.4748858447488584,0.6524800745305327,1.0,15/49,23.57%,NFKBIA;IKBKB;TRIM25;RNF125;MAPK8;MAP3K1;CHUK;ISG15;TBKBP1;CASP8;IFIH1;MAPK11;SIKE1;RELA;MAPK10
prerank,Glycosaminoglycan biosynthesis - chondroitin sulfate / dermatan sulfate Homo sapiens hsa00532,0.3812725968284608,0.9821970469685327,0.4550898203592814,0.7536881004838969,1.0,6/20,10.25%,UST;CHSY1;CHST3;XYLT2;B3GALT6;CHST15
prerank,Herpes simplex infection Homo sapiens hsa05168,-0.23495183055615676,-0.978003308639194,0.5145631067961165,0.6802801157895199,1.0,42/139,26.33%,HNRNPK;NFKBIA;SRSF2;IKBKB;EEF1D;SRSF1;JUN;MAPK8;SRSF5;CHUK;PPP1CA;SRSF9;CD74;OAS2;SRSF6;SRPK1;CUL1;IFNGR1;CSNK2B;TRAF1;FAS;CASP8;IFIH1;PER1;IL15;CDK2;PPP1CB;MYD88;PPP1CC;JAK1;SKP1;CYCS;TAF4;C3;IFNAR1;RELA;MAPK10;STAT1;HMGN1;MED8;TAF5;CCL2
prerank,TNF signaling pathway Homo sapiens hsa04668,-0.24959701683092675,-0.9747683142097716,0.5277777777777778,0.6817274837041218,1.0,35/106,23.57%,MAP3K5;RPS6KA5;JAG1;DAB2IP;NFKBIA;CREB3L1;IKBKB;TNFRSF1B;BIRC3;JUN;PTGS2;EDN1;MAPK8;PIK3CD;CHUK;BCL3;MAP2K7;ATF4;JUNB;PIK3R5;MAP3K8;TAB3;TRAF1;FAS;CASP8;RPS6KA4;IL15;PIK3R3;AKT1;MAPK3;TNFAIP3;MAPK11;CEBPB;RELA;MAPK10
prerank,Steroid biosynthesis Homo sapiens hsa00100,0.38207110834662206,0.9727404478064926,0.49101796407185627,0.7706656798305559,1.0,2/19,2.06%,CEL;LIPA
prerank,Acute myeloid leukemia Homo sapiens hsa05221,0.307191668775543,0.9696754853047226,0.4866666666666667,0.7714978869324167,1.0,8/57,6.17%,TCF7L2;KIT;RUNX1T1;STAT5B;ARAF;SOS2;EIF4EBP1;TCF7L1
prerank,Allograft rejection Homo sapiens hsa05330,-0.36513184394320014,-0.9689655899194817,0.497907949790795,0.689395454083456,1.0,12/17,55.12%,FAS;CD40;CD80;IL12A;IL4;CD28;TNF;IL5;IL12B;IL2;PRF1;IL10
prerank,Basal cell carcinoma Homo sapiens hsa05217,0.3084875988938962,0.9673038046578235,0.535958904109589,0.7701800078516667,1.0,14/55,15.68%,TCF7L2;WNT4;WNT6;GLI3;TCF7L1;SUFU;WNT5B;AXIN2;DVL3;FZD2;FZD10;GLI2;AXIN1;FZD7
prerank,Glycosaminoglycan biosynthesis - heparan sulfate / heparin Homo sapiens hsa00534,0.3620374426892656,0.9654397643714718,0.4990403071017274,0.7677758371246935,1.0,7/24,11.73%,HS3ST3A1;HS3ST3B1;EXTL1;XYLT2;B3GALT6;NDST2;HS6ST1
prerank,Carbon metabolism Homo sapiens hsa01200,0.27815598950482023,0.9648709182798082,0.5368589743589743,0.7622111034263168,1.0,20/104,14.72%,PCCA;SUCLG2;HK2;EHHADH;MTHFR;RPE;H6PD;ACADS;IDH2;ALDH6A1;ACAT2;CS;IDH3G;SHMT1;DLAT;ENO2;ME3;GPI;HIBCH;ACO2
prerank,Fatty acid metabolism Homo sapiens hsa01212,0.32619325720864917,0.964143611618736,0.527972027972028,0.7572360917467037,1.0,10/43,13.77%,ACADSB;ACSL1;EHHADH;ACADL;CPT2;ACADS;ACAA2;ACAT2;CPT1C;ACOX1
prerank,p53 signaling pathway Homo sapiens hsa04115,0.295418671211,0.9641355027920573,0.5032258064516129,0.7504227903980635,1.0,12/64,14.82%,IGF1;DDB2;SESN1;PTEN;CDK1;MDM2;STEAP3;CCNE1;SERPINE1;RCHY1;APAF1;CDK4
prerank,Epstein-Barr virus infection Homo sapiens hsa05169,-0.2286320090917419,-0.964047908407468,0.5622895622895623,0.6951116456188511,1.0,50/175,24.18%,ENTPD1;PTMA;HSPA8;PLCG2;VIM;NFKBIA;HSPB1;IKBKB;HDAC5;CD38;CD44;YWHAB;GSK3B;JUN;PSMD13;MAPK8;PIK3CD;YWHAG;CDKN1B;CHUK;MAP2K7;STAT3;POLR2C;PSMC3;PIK3R5;PSMD12;CSNK2B;TRAF1;CR2;POLR2G;YWHAQ;YWHAH;CD40;CDK2;PIK3R3;IRAK1;SPI1;JAK3;JAK1;AKT1;CDKN1A;POLR3D;TNFAIP3;MAPK11;NFKB2;RELA;HSPA1B;MAPK10;POLR2L;POLR3F
prerank,Regulation of autophagy Homo sapiens hsa04140,0.36294430796985255,0.9590601755037163,0.5273722627737226,0.7567120274856285,1.0,5/25,8.90%,ATG10;PRKAA2;PRKAA1;ATG14;PIK3R4
prerank,Non-small cell lung cancer Homo sapiens hsa05223,0.299120664525818,0.9515747276334593,0.5263157894736842,0.767713638103088,1.0,11/56,11.42%,PDPK1;EML4;FHIT;ARAF;SOS2;PRKCB;PRKCA;PIK3R1;RXRA;ERBB2;TGFA
prerank,Chemokine signaling pathway Homo sapiens hsa04062,0.2541814366648554,0.9495448701014858,0.5624082232011748,0.7659290406110063,1.0,22/164,11.11%,ROCK2;ADCY5;ADCY1;CCR9;CXCR5;PARD3;PLCB1;CXCL13;STAT5B;CXCR6;SOS2;WASL;PRKCZ;PRKCB;CCL19;GRK5;GRK4;GNB5;CCL4;GNG7;PIK3R1;JAK2
prerank,N-Glycan biosynthesis Homo sapiens hsa00510,-0.2796064050564911,-0.9458686502877696,0.530952380952381,0.736364481063381,1.0,21/47,29.14%,ST6GAL1;FUT8;STT3B;RPN1;MGAT1;MAN1A2;MAN2A2;ALG11;DDOST;MGAT5;ALG5;ALG14;MGAT2;ALG1;ALG8;DPM1;DOLK;DOLPP1;MGAT5B;B4GALT3;ALG3
prerank,Linoleic acid metabolism Homo sapiens hsa00591,0.3719644852620407,0.9398129177820801,0.5366795366795367,0.7828926718825391,1.0,4/20,15.33%,PLA2G10;PLA2G4B;PLA2G4C;PLA2G12A
prerank,Purine metabolism Homo sapiens hsa00230,0.2511695745017812,0.934412476781642,0.5894886363636364,0.7892145836357379,1.0,16/162,8.04%,ADCY5;PDE1A;ADCY1;POLR2D;PDE7B;PDE7A;AMPD3;FHIT;NPR2;ADSL;PDE6G;PDE5A;NT5M;POLR3GL;POLR3G;POLR2A
prerank,Thyroid hormone signaling pathway Homo sapiens hsa04919,0.26416844139475093,0.929283333491514,0.5645161290322581,0.7949691126695042,1.0,23/116,14.11%,ATP1A2;WNT4;RCAN2;NOTCH2;PDPK1;ATP1B3;PLCB1;NCOA2;PRKCB;NCOA3;PRKCA;TBC1D4;MDM2;MED1;MED13;HDAC1;PIK3R1;RXRA;PLCD1;DIO3;MAPK1;PRKACB;CREBBP
prerank,One carbon pool by folate Homo sapiens hsa00670,0.36345177939069556,0.9291598422914019,0.5256673511293635,0.7885411235605243,1.0,7/19,20.01%,MTHFR;TYMS;SHMT1;MTHFS;ST20-MTHFS;DHFR;MTHFD2
prerank,Homologous recombination Homo sapiens hsa03440,0.34499168948630227,0.9285475195350004,0.5374280230326296,0.7833662869639922,1.0,5/26,8.91%,RAD51B;RAD51C;BLM;SSBP1;BRCA2
prerank,DNA replication Homo sapiens hsa03030,-0.2874955510210822,-0.9207886792314409,0.6064073226544623,0.7955857692844268,1.0,18/35,34.04%,RPA1;MCM4;PRIM1;POLA1;POLE4;POLE;POLD3;POLD1;MCM5;RNASEH2C;RFC5;RNASEH2B;POLE3;RPA3;MCM6;DNA2;FEN1;RPA2
prerank,Renin-angiotensin system Homo sapiens hsa04614,0.3514758457784899,0.919992007970442,0.547808764940239,0.7966068607537802,1.0,2/20,5.24%,KLK2;ACE
prerank,Malaria Homo sapiens hsa05144,0.3041148009741349,0.9197574463679231,0.5636672325976231,0.7906102215039518,1.0,5/42,6.76%,IL18;SDC2;GYPC;THBS2;IL6
prerank,Notch signaling pathway Homo sapiens hsa04330,0.30151742407792387,0.9189718720302072,0.5834829443447038,0.7859704347633059,1.0,11/48,14.41%,RBPJ;NOTCH2;MAML3;MAML1;DVL3;HDAC1;DTX1;MAML2;PSENEN;CREBBP;CIR1
prerank,Amino sugar and nucleotide sugar metabolism Homo sapiens hsa00520,0.29536681619347116,0.9126751388316864,0.5912162162162162,0.794107695396815,1.0,13/45,18.02%,HK2;GMDS;GFPT2;GALK1;PMM2;RENBP;CYB5RL;UGDH;GPI;NPL;GCK;CYB5R4;PGM3
prerank,Cytokine-cytokine receptor interaction Homo sapiens hsa04060,0.23456624252739763,0.9123906367937002,0.6530612244897959,0.7883846373709644,1.0,16/207,7.99%,LEPR;IL18;KIT;BMP7;CCR9;CXCR5;PDGFRB;CXCL13;CNTFR;IL13RA1;CXCR6;PDGFRA;IL6;TNFRSF25;CCL19;CSF1
prerank,Glycosaminoglycan biosynthesis - keratan sulfate Homo sapiens hsa00533,0.38610308609780974,0.9102778926628161,0.5908141962421712,0.7865533307821376,1.0,2/13,4.55%,ST3GAL3;B4GALT1
prerank,Regulation of lipolysis in adipocytes Homo sapiens hsa04923,0.2870765556509566,0.9089084859773277,0.5813953488372093,0.7834944184418736,1.0,3/52,2.35%,ADCY5;ADCY1;GNAS
prerank,HTLV-I infection Homo sapiens hsa05166,-0.20513647230588483,-0.9072459846771814,0.7612456747404844,0.8233022436241719,1.0,71/233,23.41%,SLC2A1;KRAS;TGFB2;ETS1;WNT9A;NFKBIA;FZD4;BUB3;NRAS;ADCY4;TGFBR2;IKBKB;TGFB1;FZD6;NFATC2;CALR;NFATC1;CTNNB1;BCL2L1;IL1R1;GSK3B;MRAS;JUN;ADCY7;WNT16;CHEK2;MAPK8;ADCY3;MAP3K1;APC;RANBP1;XBP1;PIK3CD;CHUK;ATF4;MAP3K3;CANX;PIK3R5;PPP3CA;PTTG1;E2F3;TCF3;DVL2;APC2;RRAS;CD40;IL15;BUB1B;ATF1;POLE4;ATR;PIK3R3;SPI1;PPP3R1;JAK3;NFATC3;ATF3;JAK1;POLE;AKT1;MYBL2;POLD3;POLB;SLC25A4;CDKN1A;CCNB2;POLD1;ANAPC7;TGFB3;NFKB2;RELA
prerank,Small cell lung cancer Homo sapiens hsa05222,0.2677963789049211,0.904583480792498,0.6166134185303515,0.786891366582474,1.0,7/84,5.54%,LAMC3;COL4A5;COL4A6;LAMA2;BCL2;FHIT;ITGA3
prerank,Dorso-ventral axis formation Homo sapiens hsa04320,0.3330274176512325,0.9028192428680775,0.5988483685220729,0.7843349382561596,1.0,5/25,7.84%,NOTCH2;CPEB2;SOS2;CPEB4;SPIRE2
prerank,Alcoholism Homo sapiens hsa05034,0.25760057572435757,0.8973950748941812,0.6252019386106623,0.7897630879416302,1.0,6/97,4.58%,CREB5;ADCY5;GNAS;HDAC8;ARAF;SOS2
prerank,Olfactory transduction Homo sapiens hsa04740,0.3131516708549349,0.8953380711275832,0.5856643356643356,0.7881171044080585,1.0,3/36,3.07%,PDE1A;SLC8A3;SLC8A1
prerank,Long-term potentiation Homo sapiens hsa04720,0.2753484414650791,0.8888863983287909,0.6452145214521452,0.7967959200045122,1.0,9/62,8.85%,ADCY1;ITPR1;PPP1R1A;PLCB1;ARAF;PRKCB;GNAQ;PRKCA;CAMK2D
prerank,Fatty acid biosynthesis Homo sapiens hsa00061,-0.3633611082836534,-0.8858255186517744,0.6170634920634921,0.8698440010421643,1.0,5/13,19.57%,ACSL4;ACACA;FASN;ACSL3;ACSL5
prerank,Serotonergic synapse Homo sapiens hsa04726,0.2540103374287177,0.8787411109357214,0.6836734693877551,0.8127150341244715,1.0,19/98,14.15%,ADCY5;ITPR1;GNAS;PLCB1;ARAF;CACNA1D;PRKCB;GNAQ;PRKCA;HTR5A;GNB5;GNG7;GNG11;RAPGEF3;PLA2G4B;MAPK1;PRKACB;PLA2G4C;MAOB
prerank,Fc epsilon RI signaling pathway Homo sapiens hsa04664,-0.24829270811580573,-0.8785083988326435,0.6924882629107981,0.8788230706867585,1.0,20/62,25.17%,KRAS;RAC1;PLCG2;FYN;INPP5D;NRAS;MAPK8;PIK3CD;MAP2K7;PIK3R5;PLA2G4A;RAF1;MAP2K2;PIK3R3;AKT1;MAPK3;MAPK11;MAPK10;PLA2G4F;HRAS
prerank,Rheumatoid arthritis Homo sapiens hsa05323,-0.23498602886082826,-0.8757753552278758,0.7127937336814621,0.8762991826632082,1.0,29/66,30.83%,TEK;TGFB2;TGFB1;ATP6V0A1;TNFRSF11A;VEGFA;JUN;ATP6V1A;ATP6V0C;TCIRG1;ATP6V1E1;CXCL12;ATP6V0A4;IL15;ATP6V0A2;MMP1;CTSL;ATP6V0D2;TGFB3;CD80;ATP6V0E2;ATP6V1B2;CCL2;ATP6V1H;ITGB2;TLR4;ACP5;ATP6AP1;MMP3
prerank,Ubiquitin mediated proteolysis Homo sapiens hsa04120,0.24227310559018106,0.8746584694337544,0.6971080669710806,0.8154287723960929,1.0,40/129,19.94%,UBE2E2;MGRN1;NEDD4;DDB2;ANAPC13;UBE2L3;HERC4;RHOBTB2;WWP2;PIAS1;BIRC6;CUL7;UBE4A;NHLRC1;MDM2;ITCH;UBA7;SMURF2;UBA3;FBXO4;CUL4B;RCHY1;CDC26;UBE2A;BIRC2;PPIL2;SKP2;UBE2H;PML;CBLB;ANAPC2;UBE2E1;KLHL13;UBE4B;TRAF6;PIAS3;XIAP;ANAPC5;TRIP12;CDC23
prerank,Other types of O-glycan biosynthesis Homo sapiens hsa00514,-0.2901142402355846,-0.8703106299126153,0.6799116997792495,0.8796911755094915,1.0,8/30,12.71%,ST6GAL1;EOGT;COLGALT2;LFNG;COLGALT1;MFNG;OGT;POFUT2
prerank,TGF-beta signaling pathway Homo sapiens hsa04350,-0.22467378174374186,-0.8665710339344832,0.7793296089385475,0.8795294628511876,1.0,23/83,21.48%,ID1;THBS1;BMP5;TGFB2;BMPR2;TGFBR2;TGFB1;TGIF1;SMAD9;SMAD5;RHOA;RBX1;BMP2;LTBP1;CUL1;TGIF2;ACVR1;ID2;DCN;SKP1;BMP4;ACVR1C;MAPK3
prerank,Cytosolic DNA-sensing pathway Homo sapiens hsa04623,0.2887976827529098,0.8654025461903632,0.6381461675579323,0.8294028664484236,1.0,11/43,13.89%,IL18;IL6;POLR3GL;POLR3G;IRF3;CCL4;IKBKE;TBK1;ZBP1;POLR1D;POLR3C
prerank,Biosynthesis of amino acids Homo sapiens hsa01230,0.25958950101062944,0.8636376802669189,0.6905982905982906,0.827197228136853,1.0,12/69,14.72%,LOC102724560;CBS;ALDH7A1;ASL;RPE;IDH2;CS;IDH3G;SHMT1;AADAT;ENO2;ACO2
prerank,Chagas disease (American trypanosomiasis) Homo sapiens hsa05142,0.25177630788663613,0.8613346358687073,0.7054263565891473,0.8258284315168475,1.0,10/100,7.08%,ADCY1;PPP2R2B;BDKRB2;GNAS;PLCB1;MAPK9;ACE;GNAQ;IL6;SMAD3
prerank,Aminoacyl-tRNA biosynthesis Homo sapiens hsa00970,-0.2871110459912869,-0.8530710438311212,0.7053941908713693,0.9009497710377229,1.0,7/26,23.81%,WARS2;PSTK;LARS2;TRNP;FARSA;MTFMT;AARS2
prerank,Bladder cancer Homo sapiens hsa05219,-0.2631272731579109,-0.8526774849518011,0.7231121281464531,0.8929583244996291,1.0,14/39,25.17%,KRAS;THBS1;RPS6KA5;CDH1;NRAS;VEGFA;E2F3;RAF1;MAP2K2;MMP1;MAPK3;CDKN1A;FGFR3;HRAS
prerank,"Glycine, serine and threonine metabolism Homo sapiens hsa00260",0.2870951686211324,0.8514206448881498,0.6737967914438503,0.84043629312851,1.0,7/40,14.15%,LOC102724560;CBS;ALDH7A1;SRR;PIPOX;SHMT1;MAOB
prerank,Salmonella infection Homo sapiens hsa05132,0.24872085815866796,0.8383417596358682,0.7436708860759493,0.8605624831751209,1.0,11/79,10.78%,ROCK2;IL18;WASF1;DYNC2H1;MAPK9;WASL;IL6;PFN4;PKN2;CCL4;MYH10
prerank,Hepatitis C Homo sapiens hsa05160,-0.2096145657391069,-0.8333457881434592,0.8611898016997167,0.9239956205493537,1.0,31/109,24.36%,CLDN5;OCLN;KRAS;SCARB1;CLDN11;NFKBIA;NRAS;IKBKB;GSK3B;MAPK8;PIK3CD;CHUK;STAT3;PSME3;OAS2;PIK3R5;CD81;PPP2R2D;RAF1;PPP2R2A;PIK3R3;JAK1;AKT1;MAPK3;CDKN1A;NR1H3;MAPK11;IFNAR1;RELA;MAPK10;STAT1
prerank,Tryptophan metabolism Homo sapiens hsa00380,0.28421436199970057,0.8309675481764454,0.7473118279569892,0.8693804639547613,1.0,9/36,17.30%,ALDH7A1;EHHADH;AANAT;GCDH;ACAT2;AADAT;MAOB;ALDH2;ASMT
prerank,Arginine and proline metabolism Homo sapiens hsa00330,0.2706642211116731,0.8267272012786792,0.7083333333333334,0.8713481246609502,1.0,8/47,12.30%,ALDH4A1;AGMAT;ALDH7A1;AZIN2;HOGA1;L3HYPDH;PRODH;SAT2
prerank,Basal transcription factors Homo sapiens hsa03022,0.2780670103224944,0.8182632501767635,0.7150259067357513,0.8813733699853714,1.0,14/42,25.17%,CDK7;GTF2F1;TAF8;TAF3;GTF2I;MNAT1;TAF9B;GTF2IRD1;TAF6L;GTF2E1;GTF2H1;GTF2A1;ERCC2;GTF2B
prerank,Taurine and hypotaurine metabolism Homo sapiens hsa00430,-0.34239546785105573,-0.8129459525758328,0.7033398821218074,0.9534478266533502,1.0,4/11,22.37%,GAD1;CSAD;ADO;GGT1
prerank,Phototransduction Homo sapiens hsa04744,-0.288321113754523,-0.8007977496894539,0.7423312883435583,0.9651039579495005,1.0,10/21,39.86%,CALM1;CALM2;CALM3;GNB1;SAG;RCVRN;SLC24A1;GUCY2D;PDE6A;GUCY2F
prerank,Hepatitis B Homo sapiens hsa05161,0.21844527438607642,0.7969944230631999,0.8696925329428989,0.9140455342813112,1.0,24/129,14.82%,CREB5;BCL2;STAT5B;MAPK9;DDB2;CASP12;PRKCB;IL6;SMAD3;MMP9;PRKCA;PTEN;BIRC5;CREB3L2;IRF3;PIK3R1;IKBKE;CCNE1;NFATC4;TBK1;MAPK1;CREBBP;APAF1;CDK4
prerank,Tuberculosis Homo sapiens hsa05152,0.21913299289105248,0.7928950592951813,0.8648255813953488,0.9149482291868444,1.0,16/139,9.80%,KSR1;IL18;BCL2;PLA2R1;NFYB;IRAK2;ITGAX;SPHK1;MAPK9;IL6;RFXAP;LAMP2;CAMK2D;CEBPG;ATP6V0D1;NFYC
prerank,Primary immunodeficiency Homo sapiens hsa05340,-0.2474436469270423,-0.7902398859052195,0.7613365155131265,0.9729917241345408,1.0,16/36,42.38%,PTPRC;RFXANK;ORAI1;CD40;JAK3;CIITA;ADA;IL2RG;DCLRE1C;IL7R;ZAP70;ICOS;UNG;LCK;CD79A;RFX5
prerank,Citrate cycle (TCA cycle) Homo sapiens hsa00020,0.2882602140850397,0.787043669088497,0.7486136783733827,0.9183107977719559,1.0,9/27,20.25%,SUCLG2;IDH2;CS;IDH3G;DLAT;ACO2;PCK2;DLD;SDHB
prerank,Folate biosynthesis Homo sapiens hsa00790,-0.3385351577042237,-0.7868302983245238,0.75,0.9696020012150466,1.0,3/10,15.96%,GCH1;ALPL;QDPR
prerank,Glycerolipid metabolism Homo sapiens hsa00561,0.25616944043310136,0.7831458899409454,0.7831125827814569,0.9182384569394382,1.0,3/50,2.81%,AGPAT4;CEL;ALDH7A1
prerank,alpha-Linolenic acid metabolism Homo sapiens hsa00592,0.30474289674352695,0.7831073215486549,0.7485493230174082,0.9119951626750132,1.0,5/21,15.33%,PLA2G10;PLA2G4B;PLA2G4C;ACOX1;PLA2G12A
prerank,Viral carcinogenesis Homo sapiens hsa05203,0.21112454227420197,0.7811981458028985,0.8995633187772926,0.9089115826484254,1.0,26/160,14.11%,CREB5;RBPJ;SP100;STAT5B;HDAC8;DLG1;CHD4;RBL2;DNAJA3;USP7;CDK1;ATP6V0D1;MDM2;CREB3L2;IRF3;SND1;HDAC1;PIK3R1;MAD1L1;MAPKAPK2;ACTN2;CCNE1;MAPK1;PRKACB;SRF;CREBBP
prerank,Nicotinate and nicotinamide metabolism Homo sapiens hsa00760,0.2818058248537569,0.7681413106249517,0.7641509433962265,0.9230783888006225,1.0,9/29,17.83%,NADK2;NMNAT2;NT5M;NADSYN1;ENPP3;NMNAT1;NUDT12;QPRT;NNMT
prerank,Prion diseases Homo sapiens hsa05020,-0.24347411033488087,-0.7621833982849449,0.8419864559819413,0.9957261616994997,1.0,12/33,23.79%,FYN;NOTCH1;SOD1;C1QB;HSPA5;C1QA;C1QC;MAP2K2;C6;MAPK3;C7;BAX
prerank,Endometrial cancer Homo sapiens hsa05213,0.2427444700260009,0.7605211498675758,0.8604651162790697,0.9284569013562495,1.0,13/52,16.39%,TCF7L2;PDPK1;ARAF;SOS2;TCF7L1;PTEN;AXIN2;PIK3R1;ERBB2;MAPK1;MLH1;AXIN1;SOS1
prerank,Glycosphingolipid biosynthesis - globo series Homo sapiens hsa00603,-0.2989168786682689,-0.7554875200240163,0.8203125,0.9951450922869091,1.0,5/14,22.19%,ST8SIA1;HEXB;HEXA;ST3GAL1;FUT9
prerank,ABC transporters Homo sapiens hsa02010,0.2542761362677083,0.7548636791536878,0.8105263157894737,0.9305584959720545,1.0,6/40,8.39%,ABCA4;ABCA9;ABCA1;ABCA13;ABCC2;ABCA5
prerank,Arachidonic acid metabolism Homo sapiens hsa00590,-0.2202693637429802,-0.7437571141680929,0.90625,0.9994580746015893,1.0,15/45,30.96%,PTGIS;PTGS2;PTGDS;ALOX12;PLA2G4A;GPX7;CYP2U1;GGT1;PLA2G4F;HPGDS;LTA4H;GPX8;GPX3;CBR1;PLA2G5
prerank,Jak-STAT signaling pathway Homo sapiens hsa04630,0.2061974944133097,0.7432038488680925,0.9234303215926493,0.9402903255425693,1.0,12/124,11.11%,LEPR;BCL2;CNTFR;STAT5B;IL13RA1;SOS2;IL6;PIAS1;STAM2;IL17D;PIK3R1;JAK2
prerank,Cell cycle Homo sapiens hsa04110,-0.18245383119103376,-0.7403939511161066,0.9777158774373259,0.994090725403418,1.0,37/123,27.41%,TGFB2;SMC1A;BUB3;TGFB1;YWHAB;GSK3B;CHEK2;RBX1;CDK6;YWHAG;CDKN1B;MCM4;GADD45G;CUL1;PTTG1;E2F3;YWHAQ;YWHAH;ZBTB17;CDK2;BUB1B;ATR;SKP1;GADD45A;CDKN1A;CDKN2D;CCNB2;ANAPC7;TGFB3;GADD45B;CHEK1;E2F5;YWHAZ;MCM5;CDC14A;E2F2;SMC3
prerank,Metabolism of xenobiotics by cytochrome P450 Homo sapiens hsa00980,0.2440710191620878,0.7329433545680629,0.8543371522094927,0.9472992831346861,1.0,7/45,21.05%,GSTM2;GSTT1;CYP2A6;DHDH;EPHX1;GSTK1;GSTT2
prerank,Glycolysis / Gluconeogenesis Homo sapiens hsa00010,-0.20063956311095366,-0.7289031528611888,0.9285714285714286,0.997342791387257,1.0,13/60,21.94%,PKM;HK1;GAPDH;PDHA1;PFKM;TPI1;ALDOA;PFKP;LDHA;ACSS2;ALDOC;BPGM;AKR1A1
prerank,Histidine metabolism Homo sapiens hsa00340,-0.2536896536602211,-0.7278889990284171,0.8729792147806005,0.989463765771284,1.0,2/23,5.93%,MAOA;DDC
prerank,Cysteine and methionine metabolism Homo sapiens hsa00270,0.23929359523378566,0.7225736769784294,0.8803418803418803,0.9528053820607849,1.0,5/44,10.81%,LOC102724560;CBS;AHCY;CDO1;ENOPH1
prerank,Pyruvate metabolism Homo sapiens hsa00620,0.24228191768285054,0.7016799304025143,0.8780487804878049,0.9686589440114506,1.0,10/36,18.82%,ALDH7A1;ACYP1;ACAT2;ACYP2;DLAT;ME3;ALDH2;PCK2;LDHD;DLD
prerank,Sulfur relay system Homo sapiens hsa04122,0.31214868981808286,0.6821465715013838,0.8421052631578947,0.9796273671756082,1.0,3/10,18.43%,MOCS2;MOCS1;MOCS3
prerank,Glutathione metabolism Homo sapiens hsa00480,-0.195589274208883,-0.6619314702921674,0.9588688946015425,1.0,1.0,15/46,32.53%,GCLM;GPX4;GSR;GPX7;GSTO2;SRM;GGT1;SMS;HPGDS;GPX8;GPX3;RRM2B;ODC1;MGST2;OPLAH
prerank,Chemical carcinogenesis Homo sapiens hsa05204,0.2176416836958801,0.6590483398247192,0.9470304975922953,0.9905843521133032,1.0,4/47,12.51%,GSTM2;GSTT1;ARNT;CYP2A6
prerank,Vitamin digestion and absorption Homo sapiens hsa04977,-0.22609126581722727,-0.6507799708867912,0.9161425576519916,1.0,1.0,2/22,4.15%,SCARB1;SLC5A6
prerank,Intestinal immune network for IgA production Homo sapiens hsa04672,0.2244312626185801,0.6454903943921766,0.9138240574506283,0.992826102893682,1.0,6/32,19.28%,CCR9;IL6;TNFSF13;CCR10;CCL28;CD86
prerank,Steroid hormone biosynthesis Homo sapiens hsa00140,0.2287039748289461,0.6429189964944696,0.9389179755671903,0.9879575617177571,1.0,1/34,2.52%,HSD17B1
prerank,Selenocompound metabolism Homo sapiens hsa00450,-0.2442729497645542,-0.625301909043847,0.9433198380566802,1.0,1.0,5/13,28.87%,PSTK;PAPSS2;SEPHS2;SEPHS1;MARS2
prerank,Neuroactive ligand-receptor interaction Homo sapiens hsa04080,0.15870143088201305,0.6251801173156217,1.0,0.9905195867211194,1.0,19/243,10.95%,LEPR;BDKRB2;LPAR1;PARD3;LPAR2;CHRNE;SSTR2;ADRA1D;KISS1R;PTH2R;GRIK5;F2RL2;HTR5A;GABRQ;PTGIR;GLP1R;PTGER1;ADRB3;F2RL3
prerank,Terpenoid backbone biosynthesis Homo sapiens hsa00900,-0.2194622182712225,-0.6150487716015212,0.9588235294117647,1.0,1.0,8/22,28.99%,PDSS2;HMGCS1;RCE1;GGPS1;ICMT;IDI1;DHDDS;HMGCR
prerank,Taste transduction Homo sapiens hsa04742,0.19662050441674814,0.6135073045322669,0.9666080843585237,0.989606870566071,1.0,1/51,0.53%,PDE1A
prerank,RNA degradation Homo sapiens hsa03018,0.1808346661633087,0.6005747796745448,0.9917898193760263,0.9881392440867083,1.0,21/66,23.70%,MPHOSPH6;PABPC4L;EXOSC8;CNOT2;DCP2;ENO2;LSM5;PARN;CNOT8;CNOT7;CNOT10;EXOSC3;LSM3;LSM1;LSM4;DDX6;XRN1;DIS3L;EXOSC4;DCP1B;LSM6
prerank,Staphylococcus aureus infection Homo sapiens hsa05150,-0.18544826292555053,-0.5881535862969048,0.976545842217484,1.0,1.0,9/33,27.83%,C1QB;C1QA;C1QC;C3;FCGR2B;SELPLG;PTAFR;SELP;ITGB2
prerank,Tyrosine metabolism Homo sapiens hsa00350,-0.18929897515406147,-0.5836828520587872,0.9801324503311258,1.0,1.0,4/30,16.76%,MAOA;DDC;AOC3;MIF
prerank,Base excision repair Homo sapiens hsa03410,0.20699515805760796,0.5832193000771085,0.9515570934256056,0.9874242772793497,1.0,6/33,13.92%,APEX2;PARP4;MBD4;MPG;LIG1;APEX1
prerank,Nucleotide excision repair Homo sapiens hsa03420,-0.16990895269723183,-0.5703018459459016,0.9904988123515439,1.0,1.0,20/43,36.53%,DDB1;RBX1;RPA1;ERCC8;CETN2;POLE4;POLE;POLD3;POLD1;GTF2H2;XPA;ERCC5;RFC5;ERCC3;POLE3;GTF2H5;RPA3;RPA2;RAD23A;RFC2
prerank,Mismatch repair Homo sapiens hsa03430,-0.19030870188016608,-0.5563667148317514,0.9743589743589743,0.9991489709884303,1.0,12/22,40.80%,RPA1;MSH2;POLD3;POLD1;EXO1;RFC5;MLH3;RPA3;RPA2;RFC2;PMS2;PCNA
prerank,Autoimmune thyroid disease Homo sapiens hsa05320,-0.1902258425878225,-0.503798197659264,0.9875776397515528,0.9963697946068001,1.0,8/18,41.11%,FAS;CD40;TSHR;CD80;TG;TPO;IL4;CD28
prerank,Graft-versus-host disease Homo sapiens hsa05332,0.18096575994060674,0.45978843507891143,0.9766536964980544,0.9976744870624945,1.0,3/17,19.28%,IL6;KLRC1;CD86
